<?xml version="1.0" encoding="UTF-8"?>
<kml xmlns="http://www.opengis.net/kml/2.2" xmlns:gx="http://www.google.com/kml/ext/2.2">
    <Document id="1">
        <Style id="4">
            <IconStyle id="5">
                <color>ff0000ff</color>
                <colorMode>normal</colorMode>
                <scale>1</scale>
                <heading>0</heading>
                <Icon id="6">
                    <href>http://maps.google.com/mapfiles/kml/pushpin/ylw-pushpin.png</href>
                </Icon>
            </IconStyle>
        </Style>
        <Style id="9">
            <IconStyle id="10">
                <color>ff0074ff</color>
                <colorMode>normal</colorMode>
                <scale>1</scale>
                <heading>0</heading>
                <Icon id="11">
                    <href>http://maps.google.com/mapfiles/kml/pushpin/ylw-pushpin.png</href>
                </Icon>
            </IconStyle>
        </Style>
        <Style id="14">
            <IconStyle id="15">
                <color>ff007fff</color>
                <colorMode>normal</colorMode>
                <scale>1</scale>
                <heading>0</heading>
                <Icon id="16">
                    <href>http://maps.google.com/mapfiles/kml/pushpin/ylw-pushpin.png</href>
                </Icon>
            </IconStyle>
        </Style>
        <Style id="19">
            <IconStyle id="20">
                <color>ff0087ff</color>
                <colorMode>normal</colorMode>
                <scale>1</scale>
                <heading>0</heading>
                <Icon id="21">
                    <href>http://maps.google.com/mapfiles/kml/pushpin/ylw-pushpin.png</href>
                </Icon>
            </IconStyle>
        </Style>
        <Style id="24">
            <IconStyle id="25">
                <color>ff008aff</color>
                <colorMode>normal</colorMode>
                <scale>1</scale>
                <heading>0</heading>
                <Icon id="26">
                    <href>http://maps.google.com/mapfiles/kml/pushpin/ylw-pushpin.png</href>
                </Icon>
            </IconStyle>
        </Style>
        <Style id="29">
            <IconStyle id="30">
                <color>ff0091ff</color>
                <colorMode>normal</colorMode>
                <scale>1</scale>
                <heading>0</heading>
                <Icon id="31">
                    <href>http://maps.google.com/mapfiles/kml/pushpin/ylw-pushpin.png</href>
                </Icon>
            </IconStyle>
        </Style>
        <Style id="34">
            <IconStyle id="35">
                <color>ff0091ff</color>
                <colorMode>normal</colorMode>
                <scale>1</scale>
                <heading>0</heading>
                <Icon id="36">
                    <href>http://maps.google.com/mapfiles/kml/pushpin/ylw-pushpin.png</href>
                </Icon>
            </IconStyle>
        </Style>
        <Style id="39">
            <IconStyle id="40">
                <color>ff0093ff</color>
                <colorMode>normal</colorMode>
                <scale>1</scale>
                <heading>0</heading>
                <Icon id="41">
                    <href>http://maps.google.com/mapfiles/kml/pushpin/ylw-pushpin.png</href>
                </Icon>
            </IconStyle>
        </Style>
        <Style id="44">
            <IconStyle id="45">
                <color>ff009bff</color>
                <colorMode>normal</colorMode>
                <scale>1</scale>
                <heading>0</heading>
                <Icon id="46">
                    <href>http://maps.google.com/mapfiles/kml/pushpin/ylw-pushpin.png</href>
                </Icon>
            </IconStyle>
        </Style>
        <Style id="49">
            <IconStyle id="50">
                <color>ff00a0ff</color>
                <colorMode>normal</colorMode>
                <scale>1</scale>
                <heading>0</heading>
                <Icon id="51">
                    <href>http://maps.google.com/mapfiles/kml/pushpin/ylw-pushpin.png</href>
                </Icon>
            </IconStyle>
        </Style>
        <Style id="54">
            <IconStyle id="55">
                <color>ff00a4ff</color>
                <colorMode>normal</colorMode>
                <scale>1</scale>
                <heading>0</heading>
                <Icon id="56">
                    <href>http://maps.google.com/mapfiles/kml/pushpin/ylw-pushpin.png</href>
                </Icon>
            </IconStyle>
        </Style>
        <Style id="59">
            <IconStyle id="60">
                <color>ff00a5ff</color>
                <colorMode>normal</colorMode>
                <scale>1</scale>
                <heading>0</heading>
                <Icon id="61">
                    <href>http://maps.google.com/mapfiles/kml/pushpin/ylw-pushpin.png</href>
                </Icon>
            </IconStyle>
        </Style>
        <Style id="64">
            <IconStyle id="65">
                <color>ff00a5ff</color>
                <colorMode>normal</colorMode>
                <scale>1</scale>
                <heading>0</heading>
                <Icon id="66">
                    <href>http://maps.google.com/mapfiles/kml/pushpin/ylw-pushpin.png</href>
                </Icon>
            </IconStyle>
        </Style>
        <Style id="69">
            <IconStyle id="70">
                <color>ff00a5ff</color>
                <colorMode>normal</colorMode>
                <scale>1</scale>
                <heading>0</heading>
                <Icon id="71">
                    <href>http://maps.google.com/mapfiles/kml/pushpin/ylw-pushpin.png</href>
                </Icon>
            </IconStyle>
        </Style>
        <Style id="74">
            <IconStyle id="75">
                <color>ff00a5ff</color>
                <colorMode>normal</colorMode>
                <scale>1</scale>
                <heading>0</heading>
                <Icon id="76">
                    <href>http://maps.google.com/mapfiles/kml/pushpin/ylw-pushpin.png</href>
                </Icon>
            </IconStyle>
        </Style>
        <Style id="79">
            <IconStyle id="80">
                <color>ff00a5ff</color>
                <colorMode>normal</colorMode>
                <scale>1</scale>
                <heading>0</heading>
                <Icon id="81">
                    <href>http://maps.google.com/mapfiles/kml/pushpin/ylw-pushpin.png</href>
                </Icon>
            </IconStyle>
        </Style>
        <Style id="84">
            <IconStyle id="85">
                <color>ff00a5ff</color>
                <colorMode>normal</colorMode>
                <scale>1</scale>
                <heading>0</heading>
                <Icon id="86">
                    <href>http://maps.google.com/mapfiles/kml/pushpin/ylw-pushpin.png</href>
                </Icon>
            </IconStyle>
        </Style>
        <Style id="89">
            <IconStyle id="90">
                <color>ff00a5ff</color>
                <colorMode>normal</colorMode>
                <scale>1</scale>
                <heading>0</heading>
                <Icon id="91">
                    <href>http://maps.google.com/mapfiles/kml/pushpin/ylw-pushpin.png</href>
                </Icon>
            </IconStyle>
        </Style>
        <Style id="94">
            <IconStyle id="95">
                <color>ff00a5ff</color>
                <colorMode>normal</colorMode>
                <scale>1</scale>
                <heading>0</heading>
                <Icon id="96">
                    <href>http://maps.google.com/mapfiles/kml/pushpin/ylw-pushpin.png</href>
                </Icon>
            </IconStyle>
        </Style>
        <Style id="99">
            <IconStyle id="100">
                <color>ff00a5ff</color>
                <colorMode>normal</colorMode>
                <scale>1</scale>
                <heading>0</heading>
                <Icon id="101">
                    <href>http://maps.google.com/mapfiles/kml/pushpin/ylw-pushpin.png</href>
                </Icon>
            </IconStyle>
        </Style>
        <Style id="104">
            <IconStyle id="105">
                <color>ff00a5ff</color>
                <colorMode>normal</colorMode>
                <scale>1</scale>
                <heading>0</heading>
                <Icon id="106">
                    <href>http://maps.google.com/mapfiles/kml/pushpin/ylw-pushpin.png</href>
                </Icon>
            </IconStyle>
        </Style>
        <Style id="109">
            <IconStyle id="110">
                <color>ff00a5ff</color>
                <colorMode>normal</colorMode>
                <scale>1</scale>
                <heading>0</heading>
                <Icon id="111">
                    <href>http://maps.google.com/mapfiles/kml/pushpin/ylw-pushpin.png</href>
                </Icon>
            </IconStyle>
        </Style>
        <Style id="114">
            <IconStyle id="115">
                <color>ff00a5ff</color>
                <colorMode>normal</colorMode>
                <scale>1</scale>
                <heading>0</heading>
                <Icon id="116">
                    <href>http://maps.google.com/mapfiles/kml/pushpin/ylw-pushpin.png</href>
                </Icon>
            </IconStyle>
        </Style>
        <Style id="119">
            <IconStyle id="120">
                <color>ff00a5ff</color>
                <colorMode>normal</colorMode>
                <scale>1</scale>
                <heading>0</heading>
                <Icon id="121">
                    <href>http://maps.google.com/mapfiles/kml/pushpin/ylw-pushpin.png</href>
                </Icon>
            </IconStyle>
        </Style>
        <Style id="124">
            <IconStyle id="125">
                <color>ff00a5ff</color>
                <colorMode>normal</colorMode>
                <scale>1</scale>
                <heading>0</heading>
                <Icon id="126">
                    <href>http://maps.google.com/mapfiles/kml/pushpin/ylw-pushpin.png</href>
                </Icon>
            </IconStyle>
        </Style>
        <Style id="129">
            <IconStyle id="130">
                <color>ff00a7ff</color>
                <colorMode>normal</colorMode>
                <scale>1</scale>
                <heading>0</heading>
                <Icon id="131">
                    <href>http://maps.google.com/mapfiles/kml/pushpin/ylw-pushpin.png</href>
                </Icon>
            </IconStyle>
        </Style>
        <Style id="134">
            <IconStyle id="135">
                <color>ff00b1ff</color>
                <colorMode>normal</colorMode>
                <scale>1</scale>
                <heading>0</heading>
                <Icon id="136">
                    <href>http://maps.google.com/mapfiles/kml/pushpin/ylw-pushpin.png</href>
                </Icon>
            </IconStyle>
        </Style>
        <Style id="139">
            <IconStyle id="140">
                <color>ff00b9ff</color>
                <colorMode>normal</colorMode>
                <scale>1</scale>
                <heading>0</heading>
                <Icon id="141">
                    <href>http://maps.google.com/mapfiles/kml/pushpin/ylw-pushpin.png</href>
                </Icon>
            </IconStyle>
        </Style>
        <Style id="144">
            <IconStyle id="145">
                <color>ff00ccff</color>
                <colorMode>normal</colorMode>
                <scale>1</scale>
                <heading>0</heading>
                <Icon id="146">
                    <href>http://maps.google.com/mapfiles/kml/pushpin/ylw-pushpin.png</href>
                </Icon>
            </IconStyle>
        </Style>
        <Style id="149">
            <IconStyle id="150">
                <color>ff00ccff</color>
                <colorMode>normal</colorMode>
                <scale>1</scale>
                <heading>0</heading>
                <Icon id="151">
                    <href>http://maps.google.com/mapfiles/kml/pushpin/ylw-pushpin.png</href>
                </Icon>
            </IconStyle>
        </Style>
        <Style id="154">
            <IconStyle id="155">
                <color>ff00ccff</color>
                <colorMode>normal</colorMode>
                <scale>1</scale>
                <heading>0</heading>
                <Icon id="156">
                    <href>http://maps.google.com/mapfiles/kml/pushpin/ylw-pushpin.png</href>
                </Icon>
            </IconStyle>
        </Style>
        <Style id="159">
            <IconStyle id="160">
                <color>ff00ccff</color>
                <colorMode>normal</colorMode>
                <scale>1</scale>
                <heading>0</heading>
                <Icon id="161">
                    <href>http://maps.google.com/mapfiles/kml/pushpin/ylw-pushpin.png</href>
                </Icon>
            </IconStyle>
        </Style>
        <Style id="164">
            <IconStyle id="165">
                <color>ff00ccff</color>
                <colorMode>normal</colorMode>
                <scale>1</scale>
                <heading>0</heading>
                <Icon id="166">
                    <href>http://maps.google.com/mapfiles/kml/pushpin/ylw-pushpin.png</href>
                </Icon>
            </IconStyle>
        </Style>
        <Style id="169">
            <IconStyle id="170">
                <color>ff00ccff</color>
                <colorMode>normal</colorMode>
                <scale>1</scale>
                <heading>0</heading>
                <Icon id="171">
                    <href>http://maps.google.com/mapfiles/kml/pushpin/ylw-pushpin.png</href>
                </Icon>
            </IconStyle>
        </Style>
        <Style id="174">
            <IconStyle id="175">
                <color>ff00cdff</color>
                <colorMode>normal</colorMode>
                <scale>1</scale>
                <heading>0</heading>
                <Icon id="176">
                    <href>http://maps.google.com/mapfiles/kml/pushpin/ylw-pushpin.png</href>
                </Icon>
            </IconStyle>
        </Style>
        <Style id="179">
            <IconStyle id="180">
                <color>ff00cdff</color>
                <colorMode>normal</colorMode>
                <scale>1</scale>
                <heading>0</heading>
                <Icon id="181">
                    <href>http://maps.google.com/mapfiles/kml/pushpin/ylw-pushpin.png</href>
                </Icon>
            </IconStyle>
        </Style>
        <Style id="184">
            <IconStyle id="185">
                <color>ff00cfff</color>
                <colorMode>normal</colorMode>
                <scale>1</scale>
                <heading>0</heading>
                <Icon id="186">
                    <href>http://maps.google.com/mapfiles/kml/pushpin/ylw-pushpin.png</href>
                </Icon>
            </IconStyle>
        </Style>
        <Style id="189">
            <IconStyle id="190">
                <color>ff00d0ff</color>
                <colorMode>normal</colorMode>
                <scale>1</scale>
                <heading>0</heading>
                <Icon id="191">
                    <href>http://maps.google.com/mapfiles/kml/pushpin/ylw-pushpin.png</href>
                </Icon>
            </IconStyle>
        </Style>
        <Style id="194">
            <IconStyle id="195">
                <color>ff00d5ff</color>
                <colorMode>normal</colorMode>
                <scale>1</scale>
                <heading>0</heading>
                <Icon id="196">
                    <href>http://maps.google.com/mapfiles/kml/pushpin/ylw-pushpin.png</href>
                </Icon>
            </IconStyle>
        </Style>
        <Style id="199">
            <IconStyle id="200">
                <color>ff00d8ff</color>
                <colorMode>normal</colorMode>
                <scale>1</scale>
                <heading>0</heading>
                <Icon id="201">
                    <href>http://maps.google.com/mapfiles/kml/pushpin/ylw-pushpin.png</href>
                </Icon>
            </IconStyle>
        </Style>
        <Style id="204">
            <IconStyle id="205">
                <color>ff00d9ff</color>
                <colorMode>normal</colorMode>
                <scale>1</scale>
                <heading>0</heading>
                <Icon id="206">
                    <href>http://maps.google.com/mapfiles/kml/pushpin/ylw-pushpin.png</href>
                </Icon>
            </IconStyle>
        </Style>
        <Style id="209">
            <IconStyle id="210">
                <color>ff00e8ff</color>
                <colorMode>normal</colorMode>
                <scale>1</scale>
                <heading>0</heading>
                <Icon id="211">
                    <href>http://maps.google.com/mapfiles/kml/pushpin/ylw-pushpin.png</href>
                </Icon>
            </IconStyle>
        </Style>
        <Style id="214">
            <IconStyle id="215">
                <color>ff00e8ff</color>
                <colorMode>normal</colorMode>
                <scale>1</scale>
                <heading>0</heading>
                <Icon id="216">
                    <href>http://maps.google.com/mapfiles/kml/pushpin/ylw-pushpin.png</href>
                </Icon>
            </IconStyle>
        </Style>
        <Style id="219">
            <IconStyle id="220">
                <color>ff00e8ff</color>
                <colorMode>normal</colorMode>
                <scale>1</scale>
                <heading>0</heading>
                <Icon id="221">
                    <href>http://maps.google.com/mapfiles/kml/pushpin/ylw-pushpin.png</href>
                </Icon>
            </IconStyle>
        </Style>
        <Style id="224">
            <IconStyle id="225">
                <color>ff00edff</color>
                <colorMode>normal</colorMode>
                <scale>1</scale>
                <heading>0</heading>
                <Icon id="226">
                    <href>http://maps.google.com/mapfiles/kml/pushpin/ylw-pushpin.png</href>
                </Icon>
            </IconStyle>
        </Style>
        <Style id="229">
            <IconStyle id="230">
                <color>ff00edff</color>
                <colorMode>normal</colorMode>
                <scale>1</scale>
                <heading>0</heading>
                <Icon id="231">
                    <href>http://maps.google.com/mapfiles/kml/pushpin/ylw-pushpin.png</href>
                </Icon>
            </IconStyle>
        </Style>
        <Style id="234">
            <IconStyle id="235">
                <color>ff00edff</color>
                <colorMode>normal</colorMode>
                <scale>1</scale>
                <heading>0</heading>
                <Icon id="236">
                    <href>http://maps.google.com/mapfiles/kml/pushpin/ylw-pushpin.png</href>
                </Icon>
            </IconStyle>
        </Style>
        <Style id="239">
            <IconStyle id="240">
                <color>ff00eeff</color>
                <colorMode>normal</colorMode>
                <scale>1</scale>
                <heading>0</heading>
                <Icon id="241">
                    <href>http://maps.google.com/mapfiles/kml/pushpin/ylw-pushpin.png</href>
                </Icon>
            </IconStyle>
        </Style>
        <Style id="244">
            <IconStyle id="245">
                <color>ff00f3ff</color>
                <colorMode>normal</colorMode>
                <scale>1</scale>
                <heading>0</heading>
                <Icon id="246">
                    <href>http://maps.google.com/mapfiles/kml/pushpin/ylw-pushpin.png</href>
                </Icon>
            </IconStyle>
        </Style>
        <Style id="249">
            <IconStyle id="250">
                <color>ff00f3ff</color>
                <colorMode>normal</colorMode>
                <scale>1</scale>
                <heading>0</heading>
                <Icon id="251">
                    <href>http://maps.google.com/mapfiles/kml/pushpin/ylw-pushpin.png</href>
                </Icon>
            </IconStyle>
        </Style>
        <Style id="254">
            <IconStyle id="255">
                <color>ff00f3ff</color>
                <colorMode>normal</colorMode>
                <scale>1</scale>
                <heading>0</heading>
                <Icon id="256">
                    <href>http://maps.google.com/mapfiles/kml/pushpin/ylw-pushpin.png</href>
                </Icon>
            </IconStyle>
        </Style>
        <Style id="259">
            <IconStyle id="260">
                <color>ff00f3ff</color>
                <colorMode>normal</colorMode>
                <scale>1</scale>
                <heading>0</heading>
                <Icon id="261">
                    <href>http://maps.google.com/mapfiles/kml/pushpin/ylw-pushpin.png</href>
                </Icon>
            </IconStyle>
        </Style>
        <Style id="264">
            <IconStyle id="265">
                <color>ff00f7ff</color>
                <colorMode>normal</colorMode>
                <scale>1</scale>
                <heading>0</heading>
                <Icon id="266">
                    <href>http://maps.google.com/mapfiles/kml/pushpin/ylw-pushpin.png</href>
                </Icon>
            </IconStyle>
        </Style>
        <Style id="269">
            <IconStyle id="270">
                <color>ff00f9ff</color>
                <colorMode>normal</colorMode>
                <scale>1</scale>
                <heading>0</heading>
                <Icon id="271">
                    <href>http://maps.google.com/mapfiles/kml/pushpin/ylw-pushpin.png</href>
                </Icon>
            </IconStyle>
        </Style>
        <Style id="274">
            <IconStyle id="275">
                <color>ff00fbff</color>
                <colorMode>normal</colorMode>
                <scale>1</scale>
                <heading>0</heading>
                <Icon id="276">
                    <href>http://maps.google.com/mapfiles/kml/pushpin/ylw-pushpin.png</href>
                </Icon>
            </IconStyle>
        </Style>
        <Style id="279">
            <IconStyle id="280">
                <color>ff00fffe</color>
                <colorMode>normal</colorMode>
                <scale>1</scale>
                <heading>0</heading>
                <Icon id="281">
                    <href>http://maps.google.com/mapfiles/kml/pushpin/ylw-pushpin.png</href>
                </Icon>
            </IconStyle>
        </Style>
        <Style id="284">
            <IconStyle id="285">
                <color>ff00fffe</color>
                <colorMode>normal</colorMode>
                <scale>1</scale>
                <heading>0</heading>
                <Icon id="286">
                    <href>http://maps.google.com/mapfiles/kml/pushpin/ylw-pushpin.png</href>
                </Icon>
            </IconStyle>
        </Style>
        <Style id="289">
            <IconStyle id="290">
                <color>ff00fffe</color>
                <colorMode>normal</colorMode>
                <scale>1</scale>
                <heading>0</heading>
                <Icon id="291">
                    <href>http://maps.google.com/mapfiles/kml/pushpin/ylw-pushpin.png</href>
                </Icon>
            </IconStyle>
        </Style>
        <Style id="294">
            <IconStyle id="295">
                <color>ff00fffd</color>
                <colorMode>normal</colorMode>
                <scale>1</scale>
                <heading>0</heading>
                <Icon id="296">
                    <href>http://maps.google.com/mapfiles/kml/pushpin/ylw-pushpin.png</href>
                </Icon>
            </IconStyle>
        </Style>
        <Style id="299">
            <IconStyle id="300">
                <color>ff00fffd</color>
                <colorMode>normal</colorMode>
                <scale>1</scale>
                <heading>0</heading>
                <Icon id="301">
                    <href>http://maps.google.com/mapfiles/kml/pushpin/ylw-pushpin.png</href>
                </Icon>
            </IconStyle>
        </Style>
        <Style id="304">
            <IconStyle id="305">
                <color>ff00fffd</color>
                <colorMode>normal</colorMode>
                <scale>1</scale>
                <heading>0</heading>
                <Icon id="306">
                    <href>http://maps.google.com/mapfiles/kml/pushpin/ylw-pushpin.png</href>
                </Icon>
            </IconStyle>
        </Style>
        <Style id="309">
            <IconStyle id="310">
                <color>ff00fffc</color>
                <colorMode>normal</colorMode>
                <scale>1</scale>
                <heading>0</heading>
                <Icon id="311">
                    <href>http://maps.google.com/mapfiles/kml/pushpin/ylw-pushpin.png</href>
                </Icon>
            </IconStyle>
        </Style>
        <Style id="314">
            <IconStyle id="315">
                <color>ff00fff9</color>
                <colorMode>normal</colorMode>
                <scale>1</scale>
                <heading>0</heading>
                <Icon id="316">
                    <href>http://maps.google.com/mapfiles/kml/pushpin/ylw-pushpin.png</href>
                </Icon>
            </IconStyle>
        </Style>
        <Style id="319">
            <IconStyle id="320">
                <color>ff00fff7</color>
                <colorMode>normal</colorMode>
                <scale>1</scale>
                <heading>0</heading>
                <Icon id="321">
                    <href>http://maps.google.com/mapfiles/kml/pushpin/ylw-pushpin.png</href>
                </Icon>
            </IconStyle>
        </Style>
        <Style id="324">
            <IconStyle id="325">
                <color>ff00fff7</color>
                <colorMode>normal</colorMode>
                <scale>1</scale>
                <heading>0</heading>
                <Icon id="326">
                    <href>http://maps.google.com/mapfiles/kml/pushpin/ylw-pushpin.png</href>
                </Icon>
            </IconStyle>
        </Style>
        <Style id="329">
            <IconStyle id="330">
                <color>ff00fff2</color>
                <colorMode>normal</colorMode>
                <scale>1</scale>
                <heading>0</heading>
                <Icon id="331">
                    <href>http://maps.google.com/mapfiles/kml/pushpin/ylw-pushpin.png</href>
                </Icon>
            </IconStyle>
        </Style>
        <Style id="334">
            <IconStyle id="335">
                <color>ff00fff1</color>
                <colorMode>normal</colorMode>
                <scale>1</scale>
                <heading>0</heading>
                <Icon id="336">
                    <href>http://maps.google.com/mapfiles/kml/pushpin/ylw-pushpin.png</href>
                </Icon>
            </IconStyle>
        </Style>
        <Style id="339">
            <IconStyle id="340">
                <color>ff00ffec</color>
                <colorMode>normal</colorMode>
                <scale>1</scale>
                <heading>0</heading>
                <Icon id="341">
                    <href>http://maps.google.com/mapfiles/kml/pushpin/ylw-pushpin.png</href>
                </Icon>
            </IconStyle>
        </Style>
        <Style id="344">
            <IconStyle id="345">
                <color>ff00ffeb</color>
                <colorMode>normal</colorMode>
                <scale>1</scale>
                <heading>0</heading>
                <Icon id="346">
                    <href>http://maps.google.com/mapfiles/kml/pushpin/ylw-pushpin.png</href>
                </Icon>
            </IconStyle>
        </Style>
        <Style id="349">
            <IconStyle id="350">
                <color>ff00ffe9</color>
                <colorMode>normal</colorMode>
                <scale>1</scale>
                <heading>0</heading>
                <Icon id="351">
                    <href>http://maps.google.com/mapfiles/kml/pushpin/ylw-pushpin.png</href>
                </Icon>
            </IconStyle>
        </Style>
        <Style id="354">
            <IconStyle id="355">
                <color>ff00ffe7</color>
                <colorMode>normal</colorMode>
                <scale>1</scale>
                <heading>0</heading>
                <Icon id="356">
                    <href>http://maps.google.com/mapfiles/kml/pushpin/ylw-pushpin.png</href>
                </Icon>
            </IconStyle>
        </Style>
        <Style id="359">
            <IconStyle id="360">
                <color>ff00ffe4</color>
                <colorMode>normal</colorMode>
                <scale>1</scale>
                <heading>0</heading>
                <Icon id="361">
                    <href>http://maps.google.com/mapfiles/kml/pushpin/ylw-pushpin.png</href>
                </Icon>
            </IconStyle>
        </Style>
        <Style id="364">
            <IconStyle id="365">
                <color>ff00ffe3</color>
                <colorMode>normal</colorMode>
                <scale>1</scale>
                <heading>0</heading>
                <Icon id="366">
                    <href>http://maps.google.com/mapfiles/kml/pushpin/ylw-pushpin.png</href>
                </Icon>
            </IconStyle>
        </Style>
        <Style id="369">
            <IconStyle id="370">
                <color>ff00ffe0</color>
                <colorMode>normal</colorMode>
                <scale>1</scale>
                <heading>0</heading>
                <Icon id="371">
                    <href>http://maps.google.com/mapfiles/kml/pushpin/ylw-pushpin.png</href>
                </Icon>
            </IconStyle>
        </Style>
        <Style id="374">
            <IconStyle id="375">
                <color>ff00ffe0</color>
                <colorMode>normal</colorMode>
                <scale>1</scale>
                <heading>0</heading>
                <Icon id="376">
                    <href>http://maps.google.com/mapfiles/kml/pushpin/ylw-pushpin.png</href>
                </Icon>
            </IconStyle>
        </Style>
        <Style id="379">
            <IconStyle id="380">
                <color>ff00ffde</color>
                <colorMode>normal</colorMode>
                <scale>1</scale>
                <heading>0</heading>
                <Icon id="381">
                    <href>http://maps.google.com/mapfiles/kml/pushpin/ylw-pushpin.png</href>
                </Icon>
            </IconStyle>
        </Style>
        <Style id="384">
            <IconStyle id="385">
                <color>ff00ffdc</color>
                <colorMode>normal</colorMode>
                <scale>1</scale>
                <heading>0</heading>
                <Icon id="386">
                    <href>http://maps.google.com/mapfiles/kml/pushpin/ylw-pushpin.png</href>
                </Icon>
            </IconStyle>
        </Style>
        <Style id="389">
            <IconStyle id="390">
                <color>ff00ffdb</color>
                <colorMode>normal</colorMode>
                <scale>1</scale>
                <heading>0</heading>
                <Icon id="391">
                    <href>http://maps.google.com/mapfiles/kml/pushpin/ylw-pushpin.png</href>
                </Icon>
            </IconStyle>
        </Style>
        <Style id="394">
            <IconStyle id="395">
                <color>ff00ffda</color>
                <colorMode>normal</colorMode>
                <scale>1</scale>
                <heading>0</heading>
                <Icon id="396">
                    <href>http://maps.google.com/mapfiles/kml/pushpin/ylw-pushpin.png</href>
                </Icon>
            </IconStyle>
        </Style>
        <Style id="399">
            <IconStyle id="400">
                <color>ff00ffda</color>
                <colorMode>normal</colorMode>
                <scale>1</scale>
                <heading>0</heading>
                <Icon id="401">
                    <href>http://maps.google.com/mapfiles/kml/pushpin/ylw-pushpin.png</href>
                </Icon>
            </IconStyle>
        </Style>
        <Style id="404">
            <IconStyle id="405">
                <color>ff00ffda</color>
                <colorMode>normal</colorMode>
                <scale>1</scale>
                <heading>0</heading>
                <Icon id="406">
                    <href>http://maps.google.com/mapfiles/kml/pushpin/ylw-pushpin.png</href>
                </Icon>
            </IconStyle>
        </Style>
        <Style id="409">
            <IconStyle id="410">
                <color>ff00ffd8</color>
                <colorMode>normal</colorMode>
                <scale>1</scale>
                <heading>0</heading>
                <Icon id="411">
                    <href>http://maps.google.com/mapfiles/kml/pushpin/ylw-pushpin.png</href>
                </Icon>
            </IconStyle>
        </Style>
        <Style id="414">
            <IconStyle id="415">
                <color>ff00ffd7</color>
                <colorMode>normal</colorMode>
                <scale>1</scale>
                <heading>0</heading>
                <Icon id="416">
                    <href>http://maps.google.com/mapfiles/kml/pushpin/ylw-pushpin.png</href>
                </Icon>
            </IconStyle>
        </Style>
        <Style id="419">
            <IconStyle id="420">
                <color>ff00ffd6</color>
                <colorMode>normal</colorMode>
                <scale>1</scale>
                <heading>0</heading>
                <Icon id="421">
                    <href>http://maps.google.com/mapfiles/kml/pushpin/ylw-pushpin.png</href>
                </Icon>
            </IconStyle>
        </Style>
        <Style id="424">
            <IconStyle id="425">
                <color>ff00ffd4</color>
                <colorMode>normal</colorMode>
                <scale>1</scale>
                <heading>0</heading>
                <Icon id="426">
                    <href>http://maps.google.com/mapfiles/kml/pushpin/ylw-pushpin.png</href>
                </Icon>
            </IconStyle>
        </Style>
        <Style id="429">
            <IconStyle id="430">
                <color>ff00ffd4</color>
                <colorMode>normal</colorMode>
                <scale>1</scale>
                <heading>0</heading>
                <Icon id="431">
                    <href>http://maps.google.com/mapfiles/kml/pushpin/ylw-pushpin.png</href>
                </Icon>
            </IconStyle>
        </Style>
        <Style id="434">
            <IconStyle id="435">
                <color>ff00ffd3</color>
                <colorMode>normal</colorMode>
                <scale>1</scale>
                <heading>0</heading>
                <Icon id="436">
                    <href>http://maps.google.com/mapfiles/kml/pushpin/ylw-pushpin.png</href>
                </Icon>
            </IconStyle>
        </Style>
        <Style id="439">
            <IconStyle id="440">
                <color>ff00ffd2</color>
                <colorMode>normal</colorMode>
                <scale>1</scale>
                <heading>0</heading>
                <Icon id="441">
                    <href>http://maps.google.com/mapfiles/kml/pushpin/ylw-pushpin.png</href>
                </Icon>
            </IconStyle>
        </Style>
        <Style id="444">
            <IconStyle id="445">
                <color>ff00ffd2</color>
                <colorMode>normal</colorMode>
                <scale>1</scale>
                <heading>0</heading>
                <Icon id="446">
                    <href>http://maps.google.com/mapfiles/kml/pushpin/ylw-pushpin.png</href>
                </Icon>
            </IconStyle>
        </Style>
        <Style id="449">
            <IconStyle id="450">
                <color>ff00ffd1</color>
                <colorMode>normal</colorMode>
                <scale>1</scale>
                <heading>0</heading>
                <Icon id="451">
                    <href>http://maps.google.com/mapfiles/kml/pushpin/ylw-pushpin.png</href>
                </Icon>
            </IconStyle>
        </Style>
        <Style id="454">
            <IconStyle id="455">
                <color>ff00ffcf</color>
                <colorMode>normal</colorMode>
                <scale>1</scale>
                <heading>0</heading>
                <Icon id="456">
                    <href>http://maps.google.com/mapfiles/kml/pushpin/ylw-pushpin.png</href>
                </Icon>
            </IconStyle>
        </Style>
        <Style id="459">
            <IconStyle id="460">
                <color>ff00ffce</color>
                <colorMode>normal</colorMode>
                <scale>1</scale>
                <heading>0</heading>
                <Icon id="461">
                    <href>http://maps.google.com/mapfiles/kml/pushpin/ylw-pushpin.png</href>
                </Icon>
            </IconStyle>
        </Style>
        <Style id="464">
            <IconStyle id="465">
                <color>ff00ffcc</color>
                <colorMode>normal</colorMode>
                <scale>1</scale>
                <heading>0</heading>
                <Icon id="466">
                    <href>http://maps.google.com/mapfiles/kml/pushpin/ylw-pushpin.png</href>
                </Icon>
            </IconStyle>
        </Style>
        <Style id="469">
            <IconStyle id="470">
                <color>ff00ffcc</color>
                <colorMode>normal</colorMode>
                <scale>1</scale>
                <heading>0</heading>
                <Icon id="471">
                    <href>http://maps.google.com/mapfiles/kml/pushpin/ylw-pushpin.png</href>
                </Icon>
            </IconStyle>
        </Style>
        <Style id="474">
            <IconStyle id="475">
                <color>ff00ffcc</color>
                <colorMode>normal</colorMode>
                <scale>1</scale>
                <heading>0</heading>
                <Icon id="476">
                    <href>http://maps.google.com/mapfiles/kml/pushpin/ylw-pushpin.png</href>
                </Icon>
            </IconStyle>
        </Style>
        <Style id="479">
            <IconStyle id="480">
                <color>ff00ffcc</color>
                <colorMode>normal</colorMode>
                <scale>1</scale>
                <heading>0</heading>
                <Icon id="481">
                    <href>http://maps.google.com/mapfiles/kml/pushpin/ylw-pushpin.png</href>
                </Icon>
            </IconStyle>
        </Style>
        <Style id="484">
            <IconStyle id="485">
                <color>ff00ffcb</color>
                <colorMode>normal</colorMode>
                <scale>1</scale>
                <heading>0</heading>
                <Icon id="486">
                    <href>http://maps.google.com/mapfiles/kml/pushpin/ylw-pushpin.png</href>
                </Icon>
            </IconStyle>
        </Style>
        <Style id="489">
            <IconStyle id="490">
                <color>ff00ffc8</color>
                <colorMode>normal</colorMode>
                <scale>1</scale>
                <heading>0</heading>
                <Icon id="491">
                    <href>http://maps.google.com/mapfiles/kml/pushpin/ylw-pushpin.png</href>
                </Icon>
            </IconStyle>
        </Style>
        <Style id="494">
            <IconStyle id="495">
                <color>ff00ffc8</color>
                <colorMode>normal</colorMode>
                <scale>1</scale>
                <heading>0</heading>
                <Icon id="496">
                    <href>http://maps.google.com/mapfiles/kml/pushpin/ylw-pushpin.png</href>
                </Icon>
            </IconStyle>
        </Style>
        <Style id="499">
            <IconStyle id="500">
                <color>ff00ffc7</color>
                <colorMode>normal</colorMode>
                <scale>1</scale>
                <heading>0</heading>
                <Icon id="501">
                    <href>http://maps.google.com/mapfiles/kml/pushpin/ylw-pushpin.png</href>
                </Icon>
            </IconStyle>
        </Style>
        <Style id="504">
            <IconStyle id="505">
                <color>ff00ffc6</color>
                <colorMode>normal</colorMode>
                <scale>1</scale>
                <heading>0</heading>
                <Icon id="506">
                    <href>http://maps.google.com/mapfiles/kml/pushpin/ylw-pushpin.png</href>
                </Icon>
            </IconStyle>
        </Style>
        <Style id="509">
            <IconStyle id="510">
                <color>ff00ffc6</color>
                <colorMode>normal</colorMode>
                <scale>1</scale>
                <heading>0</heading>
                <Icon id="511">
                    <href>http://maps.google.com/mapfiles/kml/pushpin/ylw-pushpin.png</href>
                </Icon>
            </IconStyle>
        </Style>
        <Style id="514">
            <IconStyle id="515">
                <color>ff00ffc5</color>
                <colorMode>normal</colorMode>
                <scale>1</scale>
                <heading>0</heading>
                <Icon id="516">
                    <href>http://maps.google.com/mapfiles/kml/pushpin/ylw-pushpin.png</href>
                </Icon>
            </IconStyle>
        </Style>
        <Style id="519">
            <IconStyle id="520">
                <color>ff00ffc5</color>
                <colorMode>normal</colorMode>
                <scale>1</scale>
                <heading>0</heading>
                <Icon id="521">
                    <href>http://maps.google.com/mapfiles/kml/pushpin/ylw-pushpin.png</href>
                </Icon>
            </IconStyle>
        </Style>
        <Style id="524">
            <IconStyle id="525">
                <color>ff00ffc3</color>
                <colorMode>normal</colorMode>
                <scale>1</scale>
                <heading>0</heading>
                <Icon id="526">
                    <href>http://maps.google.com/mapfiles/kml/pushpin/ylw-pushpin.png</href>
                </Icon>
            </IconStyle>
        </Style>
        <Style id="529">
            <IconStyle id="530">
                <color>ff00ffc3</color>
                <colorMode>normal</colorMode>
                <scale>1</scale>
                <heading>0</heading>
                <Icon id="531">
                    <href>http://maps.google.com/mapfiles/kml/pushpin/ylw-pushpin.png</href>
                </Icon>
            </IconStyle>
        </Style>
        <Style id="534">
            <IconStyle id="535">
                <color>ff00ffc3</color>
                <colorMode>normal</colorMode>
                <scale>1</scale>
                <heading>0</heading>
                <Icon id="536">
                    <href>http://maps.google.com/mapfiles/kml/pushpin/ylw-pushpin.png</href>
                </Icon>
            </IconStyle>
        </Style>
        <Style id="539">
            <IconStyle id="540">
                <color>ff00ffc3</color>
                <colorMode>normal</colorMode>
                <scale>1</scale>
                <heading>0</heading>
                <Icon id="541">
                    <href>http://maps.google.com/mapfiles/kml/pushpin/ylw-pushpin.png</href>
                </Icon>
            </IconStyle>
        </Style>
        <Style id="544">
            <IconStyle id="545">
                <color>ff00ffbf</color>
                <colorMode>normal</colorMode>
                <scale>1</scale>
                <heading>0</heading>
                <Icon id="546">
                    <href>http://maps.google.com/mapfiles/kml/pushpin/ylw-pushpin.png</href>
                </Icon>
            </IconStyle>
        </Style>
        <Style id="549">
            <IconStyle id="550">
                <color>ff00ffbf</color>
                <colorMode>normal</colorMode>
                <scale>1</scale>
                <heading>0</heading>
                <Icon id="551">
                    <href>http://maps.google.com/mapfiles/kml/pushpin/ylw-pushpin.png</href>
                </Icon>
            </IconStyle>
        </Style>
        <Style id="554">
            <IconStyle id="555">
                <color>ff00ffbe</color>
                <colorMode>normal</colorMode>
                <scale>1</scale>
                <heading>0</heading>
                <Icon id="556">
                    <href>http://maps.google.com/mapfiles/kml/pushpin/ylw-pushpin.png</href>
                </Icon>
            </IconStyle>
        </Style>
        <Style id="559">
            <IconStyle id="560">
                <color>ff00ffbe</color>
                <colorMode>normal</colorMode>
                <scale>1</scale>
                <heading>0</heading>
                <Icon id="561">
                    <href>http://maps.google.com/mapfiles/kml/pushpin/ylw-pushpin.png</href>
                </Icon>
            </IconStyle>
        </Style>
        <Style id="564">
            <IconStyle id="565">
                <color>ff00ffba</color>
                <colorMode>normal</colorMode>
                <scale>1</scale>
                <heading>0</heading>
                <Icon id="566">
                    <href>http://maps.google.com/mapfiles/kml/pushpin/ylw-pushpin.png</href>
                </Icon>
            </IconStyle>
        </Style>
        <Style id="569">
            <IconStyle id="570">
                <color>ff00ffb9</color>
                <colorMode>normal</colorMode>
                <scale>1</scale>
                <heading>0</heading>
                <Icon id="571">
                    <href>http://maps.google.com/mapfiles/kml/pushpin/ylw-pushpin.png</href>
                </Icon>
            </IconStyle>
        </Style>
        <Style id="574">
            <IconStyle id="575">
                <color>ff00ffb6</color>
                <colorMode>normal</colorMode>
                <scale>1</scale>
                <heading>0</heading>
                <Icon id="576">
                    <href>http://maps.google.com/mapfiles/kml/pushpin/ylw-pushpin.png</href>
                </Icon>
            </IconStyle>
        </Style>
        <Style id="579">
            <IconStyle id="580">
                <color>ff00ffb5</color>
                <colorMode>normal</colorMode>
                <scale>1</scale>
                <heading>0</heading>
                <Icon id="581">
                    <href>http://maps.google.com/mapfiles/kml/pushpin/ylw-pushpin.png</href>
                </Icon>
            </IconStyle>
        </Style>
        <Style id="584">
            <IconStyle id="585">
                <color>ff00ffb2</color>
                <colorMode>normal</colorMode>
                <scale>1</scale>
                <heading>0</heading>
                <Icon id="586">
                    <href>http://maps.google.com/mapfiles/kml/pushpin/ylw-pushpin.png</href>
                </Icon>
            </IconStyle>
        </Style>
        <Style id="589">
            <IconStyle id="590">
                <color>ff00ffb2</color>
                <colorMode>normal</colorMode>
                <scale>1</scale>
                <heading>0</heading>
                <Icon id="591">
                    <href>http://maps.google.com/mapfiles/kml/pushpin/ylw-pushpin.png</href>
                </Icon>
            </IconStyle>
        </Style>
        <Style id="594">
            <IconStyle id="595">
                <color>ff00ffaf</color>
                <colorMode>normal</colorMode>
                <scale>1</scale>
                <heading>0</heading>
                <Icon id="596">
                    <href>http://maps.google.com/mapfiles/kml/pushpin/ylw-pushpin.png</href>
                </Icon>
            </IconStyle>
        </Style>
        <Style id="599">
            <IconStyle id="600">
                <color>ff00ffaf</color>
                <colorMode>normal</colorMode>
                <scale>1</scale>
                <heading>0</heading>
                <Icon id="601">
                    <href>http://maps.google.com/mapfiles/kml/pushpin/ylw-pushpin.png</href>
                </Icon>
            </IconStyle>
        </Style>
        <Style id="604">
            <IconStyle id="605">
                <color>ff00ffae</color>
                <colorMode>normal</colorMode>
                <scale>1</scale>
                <heading>0</heading>
                <Icon id="606">
                    <href>http://maps.google.com/mapfiles/kml/pushpin/ylw-pushpin.png</href>
                </Icon>
            </IconStyle>
        </Style>
        <Style id="609">
            <IconStyle id="610">
                <color>ff00ffaa</color>
                <colorMode>normal</colorMode>
                <scale>1</scale>
                <heading>0</heading>
                <Icon id="611">
                    <href>http://maps.google.com/mapfiles/kml/pushpin/ylw-pushpin.png</href>
                </Icon>
            </IconStyle>
        </Style>
        <Style id="614">
            <IconStyle id="615">
                <color>ff00ffa8</color>
                <colorMode>normal</colorMode>
                <scale>1</scale>
                <heading>0</heading>
                <Icon id="616">
                    <href>http://maps.google.com/mapfiles/kml/pushpin/ylw-pushpin.png</href>
                </Icon>
            </IconStyle>
        </Style>
        <Style id="619">
            <IconStyle id="620">
                <color>ff00ffa6</color>
                <colorMode>normal</colorMode>
                <scale>1</scale>
                <heading>0</heading>
                <Icon id="621">
                    <href>http://maps.google.com/mapfiles/kml/pushpin/ylw-pushpin.png</href>
                </Icon>
            </IconStyle>
        </Style>
        <Style id="624">
            <IconStyle id="625">
                <color>ff00ffa6</color>
                <colorMode>normal</colorMode>
                <scale>1</scale>
                <heading>0</heading>
                <Icon id="626">
                    <href>http://maps.google.com/mapfiles/kml/pushpin/ylw-pushpin.png</href>
                </Icon>
            </IconStyle>
        </Style>
        <Style id="629">
            <IconStyle id="630">
                <color>ff00ffa5</color>
                <colorMode>normal</colorMode>
                <scale>1</scale>
                <heading>0</heading>
                <Icon id="631">
                    <href>http://maps.google.com/mapfiles/kml/pushpin/ylw-pushpin.png</href>
                </Icon>
            </IconStyle>
        </Style>
        <Style id="634">
            <IconStyle id="635">
                <color>ff00ffa4</color>
                <colorMode>normal</colorMode>
                <scale>1</scale>
                <heading>0</heading>
                <Icon id="636">
                    <href>http://maps.google.com/mapfiles/kml/pushpin/ylw-pushpin.png</href>
                </Icon>
            </IconStyle>
        </Style>
        <Style id="639">
            <IconStyle id="640">
                <color>ff00ffa3</color>
                <colorMode>normal</colorMode>
                <scale>1</scale>
                <heading>0</heading>
                <Icon id="641">
                    <href>http://maps.google.com/mapfiles/kml/pushpin/ylw-pushpin.png</href>
                </Icon>
            </IconStyle>
        </Style>
        <Style id="644">
            <IconStyle id="645">
                <color>ff00ffa2</color>
                <colorMode>normal</colorMode>
                <scale>1</scale>
                <heading>0</heading>
                <Icon id="646">
                    <href>http://maps.google.com/mapfiles/kml/pushpin/ylw-pushpin.png</href>
                </Icon>
            </IconStyle>
        </Style>
        <Style id="649">
            <IconStyle id="650">
                <color>ff00ffa2</color>
                <colorMode>normal</colorMode>
                <scale>1</scale>
                <heading>0</heading>
                <Icon id="651">
                    <href>http://maps.google.com/mapfiles/kml/pushpin/ylw-pushpin.png</href>
                </Icon>
            </IconStyle>
        </Style>
        <Style id="654">
            <IconStyle id="655">
                <color>ff00ffa2</color>
                <colorMode>normal</colorMode>
                <scale>1</scale>
                <heading>0</heading>
                <Icon id="656">
                    <href>http://maps.google.com/mapfiles/kml/pushpin/ylw-pushpin.png</href>
                </Icon>
            </IconStyle>
        </Style>
        <Style id="659">
            <IconStyle id="660">
                <color>ff00ffa1</color>
                <colorMode>normal</colorMode>
                <scale>1</scale>
                <heading>0</heading>
                <Icon id="661">
                    <href>http://maps.google.com/mapfiles/kml/pushpin/ylw-pushpin.png</href>
                </Icon>
            </IconStyle>
        </Style>
        <Style id="664">
            <IconStyle id="665">
                <color>ff00ffa1</color>
                <colorMode>normal</colorMode>
                <scale>1</scale>
                <heading>0</heading>
                <Icon id="666">
                    <href>http://maps.google.com/mapfiles/kml/pushpin/ylw-pushpin.png</href>
                </Icon>
            </IconStyle>
        </Style>
        <Style id="669">
            <IconStyle id="670">
                <color>ff00ffa0</color>
                <colorMode>normal</colorMode>
                <scale>1</scale>
                <heading>0</heading>
                <Icon id="671">
                    <href>http://maps.google.com/mapfiles/kml/pushpin/ylw-pushpin.png</href>
                </Icon>
            </IconStyle>
        </Style>
        <Style id="674">
            <IconStyle id="675">
                <color>ff00ff9f</color>
                <colorMode>normal</colorMode>
                <scale>1</scale>
                <heading>0</heading>
                <Icon id="676">
                    <href>http://maps.google.com/mapfiles/kml/pushpin/ylw-pushpin.png</href>
                </Icon>
            </IconStyle>
        </Style>
        <Style id="679">
            <IconStyle id="680">
                <color>ff00ff9d</color>
                <colorMode>normal</colorMode>
                <scale>1</scale>
                <heading>0</heading>
                <Icon id="681">
                    <href>http://maps.google.com/mapfiles/kml/pushpin/ylw-pushpin.png</href>
                </Icon>
            </IconStyle>
        </Style>
        <Style id="684">
            <IconStyle id="685">
                <color>ff00ff9c</color>
                <colorMode>normal</colorMode>
                <scale>1</scale>
                <heading>0</heading>
                <Icon id="686">
                    <href>http://maps.google.com/mapfiles/kml/pushpin/ylw-pushpin.png</href>
                </Icon>
            </IconStyle>
        </Style>
        <Style id="689">
            <IconStyle id="690">
                <color>ff00ff9b</color>
                <colorMode>normal</colorMode>
                <scale>1</scale>
                <heading>0</heading>
                <Icon id="691">
                    <href>http://maps.google.com/mapfiles/kml/pushpin/ylw-pushpin.png</href>
                </Icon>
            </IconStyle>
        </Style>
        <Style id="694">
            <IconStyle id="695">
                <color>ff00ff9a</color>
                <colorMode>normal</colorMode>
                <scale>1</scale>
                <heading>0</heading>
                <Icon id="696">
                    <href>http://maps.google.com/mapfiles/kml/pushpin/ylw-pushpin.png</href>
                </Icon>
            </IconStyle>
        </Style>
        <Style id="699">
            <IconStyle id="700">
                <color>ff00ff9a</color>
                <colorMode>normal</colorMode>
                <scale>1</scale>
                <heading>0</heading>
                <Icon id="701">
                    <href>http://maps.google.com/mapfiles/kml/pushpin/ylw-pushpin.png</href>
                </Icon>
            </IconStyle>
        </Style>
        <Style id="704">
            <IconStyle id="705">
                <color>ff00ff9a</color>
                <colorMode>normal</colorMode>
                <scale>1</scale>
                <heading>0</heading>
                <Icon id="706">
                    <href>http://maps.google.com/mapfiles/kml/pushpin/ylw-pushpin.png</href>
                </Icon>
            </IconStyle>
        </Style>
        <Style id="709">
            <IconStyle id="710">
                <color>ff00ff98</color>
                <colorMode>normal</colorMode>
                <scale>1</scale>
                <heading>0</heading>
                <Icon id="711">
                    <href>http://maps.google.com/mapfiles/kml/pushpin/ylw-pushpin.png</href>
                </Icon>
            </IconStyle>
        </Style>
        <Style id="714">
            <IconStyle id="715">
                <color>ff00ff95</color>
                <colorMode>normal</colorMode>
                <scale>1</scale>
                <heading>0</heading>
                <Icon id="716">
                    <href>http://maps.google.com/mapfiles/kml/pushpin/ylw-pushpin.png</href>
                </Icon>
            </IconStyle>
        </Style>
        <Style id="719">
            <IconStyle id="720">
                <color>ff00ff94</color>
                <colorMode>normal</colorMode>
                <scale>1</scale>
                <heading>0</heading>
                <Icon id="721">
                    <href>http://maps.google.com/mapfiles/kml/pushpin/ylw-pushpin.png</href>
                </Icon>
            </IconStyle>
        </Style>
        <Style id="724">
            <IconStyle id="725">
                <color>ff00ff93</color>
                <colorMode>normal</colorMode>
                <scale>1</scale>
                <heading>0</heading>
                <Icon id="726">
                    <href>http://maps.google.com/mapfiles/kml/pushpin/ylw-pushpin.png</href>
                </Icon>
            </IconStyle>
        </Style>
        <Style id="729">
            <IconStyle id="730">
                <color>ff00ff92</color>
                <colorMode>normal</colorMode>
                <scale>1</scale>
                <heading>0</heading>
                <Icon id="731">
                    <href>http://maps.google.com/mapfiles/kml/pushpin/ylw-pushpin.png</href>
                </Icon>
            </IconStyle>
        </Style>
        <Style id="734">
            <IconStyle id="735">
                <color>ff00ff92</color>
                <colorMode>normal</colorMode>
                <scale>1</scale>
                <heading>0</heading>
                <Icon id="736">
                    <href>http://maps.google.com/mapfiles/kml/pushpin/ylw-pushpin.png</href>
                </Icon>
            </IconStyle>
        </Style>
        <Style id="739">
            <IconStyle id="740">
                <color>ff00ff91</color>
                <colorMode>normal</colorMode>
                <scale>1</scale>
                <heading>0</heading>
                <Icon id="741">
                    <href>http://maps.google.com/mapfiles/kml/pushpin/ylw-pushpin.png</href>
                </Icon>
            </IconStyle>
        </Style>
        <Style id="744">
            <IconStyle id="745">
                <color>ff00ff91</color>
                <colorMode>normal</colorMode>
                <scale>1</scale>
                <heading>0</heading>
                <Icon id="746">
                    <href>http://maps.google.com/mapfiles/kml/pushpin/ylw-pushpin.png</href>
                </Icon>
            </IconStyle>
        </Style>
        <Style id="749">
            <IconStyle id="750">
                <color>ff00ff8e</color>
                <colorMode>normal</colorMode>
                <scale>1</scale>
                <heading>0</heading>
                <Icon id="751">
                    <href>http://maps.google.com/mapfiles/kml/pushpin/ylw-pushpin.png</href>
                </Icon>
            </IconStyle>
        </Style>
        <Style id="754">
            <IconStyle id="755">
                <color>ff00ff8e</color>
                <colorMode>normal</colorMode>
                <scale>1</scale>
                <heading>0</heading>
                <Icon id="756">
                    <href>http://maps.google.com/mapfiles/kml/pushpin/ylw-pushpin.png</href>
                </Icon>
            </IconStyle>
        </Style>
        <Style id="759">
            <IconStyle id="760">
                <color>ff00ff8d</color>
                <colorMode>normal</colorMode>
                <scale>1</scale>
                <heading>0</heading>
                <Icon id="761">
                    <href>http://maps.google.com/mapfiles/kml/pushpin/ylw-pushpin.png</href>
                </Icon>
            </IconStyle>
        </Style>
        <Style id="764">
            <IconStyle id="765">
                <color>ff00ff8c</color>
                <colorMode>normal</colorMode>
                <scale>1</scale>
                <heading>0</heading>
                <Icon id="766">
                    <href>http://maps.google.com/mapfiles/kml/pushpin/ylw-pushpin.png</href>
                </Icon>
            </IconStyle>
        </Style>
        <Style id="769">
            <IconStyle id="770">
                <color>ff00ff8a</color>
                <colorMode>normal</colorMode>
                <scale>1</scale>
                <heading>0</heading>
                <Icon id="771">
                    <href>http://maps.google.com/mapfiles/kml/pushpin/ylw-pushpin.png</href>
                </Icon>
            </IconStyle>
        </Style>
        <Style id="774">
            <IconStyle id="775">
                <color>ff00ff8a</color>
                <colorMode>normal</colorMode>
                <scale>1</scale>
                <heading>0</heading>
                <Icon id="776">
                    <href>http://maps.google.com/mapfiles/kml/pushpin/ylw-pushpin.png</href>
                </Icon>
            </IconStyle>
        </Style>
        <Style id="779">
            <IconStyle id="780">
                <color>ff00ff8a</color>
                <colorMode>normal</colorMode>
                <scale>1</scale>
                <heading>0</heading>
                <Icon id="781">
                    <href>http://maps.google.com/mapfiles/kml/pushpin/ylw-pushpin.png</href>
                </Icon>
            </IconStyle>
        </Style>
        <Style id="784">
            <IconStyle id="785">
                <color>ff00ff89</color>
                <colorMode>normal</colorMode>
                <scale>1</scale>
                <heading>0</heading>
                <Icon id="786">
                    <href>http://maps.google.com/mapfiles/kml/pushpin/ylw-pushpin.png</href>
                </Icon>
            </IconStyle>
        </Style>
        <Style id="789">
            <IconStyle id="790">
                <color>ff00ff89</color>
                <colorMode>normal</colorMode>
                <scale>1</scale>
                <heading>0</heading>
                <Icon id="791">
                    <href>http://maps.google.com/mapfiles/kml/pushpin/ylw-pushpin.png</href>
                </Icon>
            </IconStyle>
        </Style>
        <Style id="794">
            <IconStyle id="795">
                <color>ff00ff88</color>
                <colorMode>normal</colorMode>
                <scale>1</scale>
                <heading>0</heading>
                <Icon id="796">
                    <href>http://maps.google.com/mapfiles/kml/pushpin/ylw-pushpin.png</href>
                </Icon>
            </IconStyle>
        </Style>
        <Style id="799">
            <IconStyle id="800">
                <color>ff00ff88</color>
                <colorMode>normal</colorMode>
                <scale>1</scale>
                <heading>0</heading>
                <Icon id="801">
                    <href>http://maps.google.com/mapfiles/kml/pushpin/ylw-pushpin.png</href>
                </Icon>
            </IconStyle>
        </Style>
        <Style id="804">
            <IconStyle id="805">
                <color>ff00ff87</color>
                <colorMode>normal</colorMode>
                <scale>1</scale>
                <heading>0</heading>
                <Icon id="806">
                    <href>http://maps.google.com/mapfiles/kml/pushpin/ylw-pushpin.png</href>
                </Icon>
            </IconStyle>
        </Style>
        <Style id="809">
            <IconStyle id="810">
                <color>ff00ff87</color>
                <colorMode>normal</colorMode>
                <scale>1</scale>
                <heading>0</heading>
                <Icon id="811">
                    <href>http://maps.google.com/mapfiles/kml/pushpin/ylw-pushpin.png</href>
                </Icon>
            </IconStyle>
        </Style>
        <Style id="814">
            <IconStyle id="815">
                <color>ff00ff87</color>
                <colorMode>normal</colorMode>
                <scale>1</scale>
                <heading>0</heading>
                <Icon id="816">
                    <href>http://maps.google.com/mapfiles/kml/pushpin/ylw-pushpin.png</href>
                </Icon>
            </IconStyle>
        </Style>
        <Style id="819">
            <IconStyle id="820">
                <color>ff00ff87</color>
                <colorMode>normal</colorMode>
                <scale>1</scale>
                <heading>0</heading>
                <Icon id="821">
                    <href>http://maps.google.com/mapfiles/kml/pushpin/ylw-pushpin.png</href>
                </Icon>
            </IconStyle>
        </Style>
        <Style id="824">
            <IconStyle id="825">
                <color>ff00ff87</color>
                <colorMode>normal</colorMode>
                <scale>1</scale>
                <heading>0</heading>
                <Icon id="826">
                    <href>http://maps.google.com/mapfiles/kml/pushpin/ylw-pushpin.png</href>
                </Icon>
            </IconStyle>
        </Style>
        <Style id="829">
            <IconStyle id="830">
                <color>ff00ff86</color>
                <colorMode>normal</colorMode>
                <scale>1</scale>
                <heading>0</heading>
                <Icon id="831">
                    <href>http://maps.google.com/mapfiles/kml/pushpin/ylw-pushpin.png</href>
                </Icon>
            </IconStyle>
        </Style>
        <Style id="834">
            <IconStyle id="835">
                <color>ff00ff85</color>
                <colorMode>normal</colorMode>
                <scale>1</scale>
                <heading>0</heading>
                <Icon id="836">
                    <href>http://maps.google.com/mapfiles/kml/pushpin/ylw-pushpin.png</href>
                </Icon>
            </IconStyle>
        </Style>
        <Style id="839">
            <IconStyle id="840">
                <color>ff00ff84</color>
                <colorMode>normal</colorMode>
                <scale>1</scale>
                <heading>0</heading>
                <Icon id="841">
                    <href>http://maps.google.com/mapfiles/kml/pushpin/ylw-pushpin.png</href>
                </Icon>
            </IconStyle>
        </Style>
        <Style id="844">
            <IconStyle id="845">
                <color>ff00ff83</color>
                <colorMode>normal</colorMode>
                <scale>1</scale>
                <heading>0</heading>
                <Icon id="846">
                    <href>http://maps.google.com/mapfiles/kml/pushpin/ylw-pushpin.png</href>
                </Icon>
            </IconStyle>
        </Style>
        <Style id="849">
            <IconStyle id="850">
                <color>ff00ff83</color>
                <colorMode>normal</colorMode>
                <scale>1</scale>
                <heading>0</heading>
                <Icon id="851">
                    <href>http://maps.google.com/mapfiles/kml/pushpin/ylw-pushpin.png</href>
                </Icon>
            </IconStyle>
        </Style>
        <Style id="854">
            <IconStyle id="855">
                <color>ff00ff83</color>
                <colorMode>normal</colorMode>
                <scale>1</scale>
                <heading>0</heading>
                <Icon id="856">
                    <href>http://maps.google.com/mapfiles/kml/pushpin/ylw-pushpin.png</href>
                </Icon>
            </IconStyle>
        </Style>
        <Style id="859">
            <IconStyle id="860">
                <color>ff00ff83</color>
                <colorMode>normal</colorMode>
                <scale>1</scale>
                <heading>0</heading>
                <Icon id="861">
                    <href>http://maps.google.com/mapfiles/kml/pushpin/ylw-pushpin.png</href>
                </Icon>
            </IconStyle>
        </Style>
        <Style id="864">
            <IconStyle id="865">
                <color>ff00ff83</color>
                <colorMode>normal</colorMode>
                <scale>1</scale>
                <heading>0</heading>
                <Icon id="866">
                    <href>http://maps.google.com/mapfiles/kml/pushpin/ylw-pushpin.png</href>
                </Icon>
            </IconStyle>
        </Style>
        <Style id="869">
            <IconStyle id="870">
                <color>ff00ff83</color>
                <colorMode>normal</colorMode>
                <scale>1</scale>
                <heading>0</heading>
                <Icon id="871">
                    <href>http://maps.google.com/mapfiles/kml/pushpin/ylw-pushpin.png</href>
                </Icon>
            </IconStyle>
        </Style>
        <Style id="874">
            <IconStyle id="875">
                <color>ff00ff83</color>
                <colorMode>normal</colorMode>
                <scale>1</scale>
                <heading>0</heading>
                <Icon id="876">
                    <href>http://maps.google.com/mapfiles/kml/pushpin/ylw-pushpin.png</href>
                </Icon>
            </IconStyle>
        </Style>
        <Style id="879">
            <IconStyle id="880">
                <color>ff00ff83</color>
                <colorMode>normal</colorMode>
                <scale>1</scale>
                <heading>0</heading>
                <Icon id="881">
                    <href>http://maps.google.com/mapfiles/kml/pushpin/ylw-pushpin.png</href>
                </Icon>
            </IconStyle>
        </Style>
        <Style id="884">
            <IconStyle id="885">
                <color>ff00ff83</color>
                <colorMode>normal</colorMode>
                <scale>1</scale>
                <heading>0</heading>
                <Icon id="886">
                    <href>http://maps.google.com/mapfiles/kml/pushpin/ylw-pushpin.png</href>
                </Icon>
            </IconStyle>
        </Style>
        <Style id="889">
            <IconStyle id="890">
                <color>ff00ff82</color>
                <colorMode>normal</colorMode>
                <scale>1</scale>
                <heading>0</heading>
                <Icon id="891">
                    <href>http://maps.google.com/mapfiles/kml/pushpin/ylw-pushpin.png</href>
                </Icon>
            </IconStyle>
        </Style>
        <Style id="894">
            <IconStyle id="895">
                <color>ff00ff82</color>
                <colorMode>normal</colorMode>
                <scale>1</scale>
                <heading>0</heading>
                <Icon id="896">
                    <href>http://maps.google.com/mapfiles/kml/pushpin/ylw-pushpin.png</href>
                </Icon>
            </IconStyle>
        </Style>
        <Style id="899">
            <IconStyle id="900">
                <color>ff00ff7f</color>
                <colorMode>normal</colorMode>
                <scale>1</scale>
                <heading>0</heading>
                <Icon id="901">
                    <href>http://maps.google.com/mapfiles/kml/pushpin/ylw-pushpin.png</href>
                </Icon>
            </IconStyle>
        </Style>
        <Style id="904">
            <IconStyle id="905">
                <color>ff00ff7f</color>
                <colorMode>normal</colorMode>
                <scale>1</scale>
                <heading>0</heading>
                <Icon id="906">
                    <href>http://maps.google.com/mapfiles/kml/pushpin/ylw-pushpin.png</href>
                </Icon>
            </IconStyle>
        </Style>
        <Style id="909">
            <IconStyle id="910">
                <color>ff00ff7e</color>
                <colorMode>normal</colorMode>
                <scale>1</scale>
                <heading>0</heading>
                <Icon id="911">
                    <href>http://maps.google.com/mapfiles/kml/pushpin/ylw-pushpin.png</href>
                </Icon>
            </IconStyle>
        </Style>
        <Style id="914">
            <IconStyle id="915">
                <color>ff00ff7e</color>
                <colorMode>normal</colorMode>
                <scale>1</scale>
                <heading>0</heading>
                <Icon id="916">
                    <href>http://maps.google.com/mapfiles/kml/pushpin/ylw-pushpin.png</href>
                </Icon>
            </IconStyle>
        </Style>
        <Style id="919">
            <IconStyle id="920">
                <color>ff00ff7d</color>
                <colorMode>normal</colorMode>
                <scale>1</scale>
                <heading>0</heading>
                <Icon id="921">
                    <href>http://maps.google.com/mapfiles/kml/pushpin/ylw-pushpin.png</href>
                </Icon>
            </IconStyle>
        </Style>
        <Style id="924">
            <IconStyle id="925">
                <color>ff00ff7d</color>
                <colorMode>normal</colorMode>
                <scale>1</scale>
                <heading>0</heading>
                <Icon id="926">
                    <href>http://maps.google.com/mapfiles/kml/pushpin/ylw-pushpin.png</href>
                </Icon>
            </IconStyle>
        </Style>
        <Style id="929">
            <IconStyle id="930">
                <color>ff00ff7c</color>
                <colorMode>normal</colorMode>
                <scale>1</scale>
                <heading>0</heading>
                <Icon id="931">
                    <href>http://maps.google.com/mapfiles/kml/pushpin/ylw-pushpin.png</href>
                </Icon>
            </IconStyle>
        </Style>
        <Style id="934">
            <IconStyle id="935">
                <color>ff00ff7b</color>
                <colorMode>normal</colorMode>
                <scale>1</scale>
                <heading>0</heading>
                <Icon id="936">
                    <href>http://maps.google.com/mapfiles/kml/pushpin/ylw-pushpin.png</href>
                </Icon>
            </IconStyle>
        </Style>
        <Style id="939">
            <IconStyle id="940">
                <color>ff00ff7b</color>
                <colorMode>normal</colorMode>
                <scale>1</scale>
                <heading>0</heading>
                <Icon id="941">
                    <href>http://maps.google.com/mapfiles/kml/pushpin/ylw-pushpin.png</href>
                </Icon>
            </IconStyle>
        </Style>
        <Style id="944">
            <IconStyle id="945">
                <color>ff00ff7a</color>
                <colorMode>normal</colorMode>
                <scale>1</scale>
                <heading>0</heading>
                <Icon id="946">
                    <href>http://maps.google.com/mapfiles/kml/pushpin/ylw-pushpin.png</href>
                </Icon>
            </IconStyle>
        </Style>
        <Style id="949">
            <IconStyle id="950">
                <color>ff00ff7a</color>
                <colorMode>normal</colorMode>
                <scale>1</scale>
                <heading>0</heading>
                <Icon id="951">
                    <href>http://maps.google.com/mapfiles/kml/pushpin/ylw-pushpin.png</href>
                </Icon>
            </IconStyle>
        </Style>
        <Style id="954">
            <IconStyle id="955">
                <color>ff00ff7a</color>
                <colorMode>normal</colorMode>
                <scale>1</scale>
                <heading>0</heading>
                <Icon id="956">
                    <href>http://maps.google.com/mapfiles/kml/pushpin/ylw-pushpin.png</href>
                </Icon>
            </IconStyle>
        </Style>
        <Style id="959">
            <IconStyle id="960">
                <color>ff00ff79</color>
                <colorMode>normal</colorMode>
                <scale>1</scale>
                <heading>0</heading>
                <Icon id="961">
                    <href>http://maps.google.com/mapfiles/kml/pushpin/ylw-pushpin.png</href>
                </Icon>
            </IconStyle>
        </Style>
        <name>DOD Procurement Contracts</name>
        <Placemark id="3">
            <name>Raytheon Co. — $20,699,334,581</name>
            <description>&lt;b&gt;Raytheon Co.&lt;/b&gt;&lt;br/&gt;&lt;b&gt;Amount:&lt;/b&gt; $20,699,334,581&lt;br/&gt;&lt;b&gt;Contract:&lt;/b&gt; FA8556-26-C-B001&lt;br/&gt;&lt;b&gt;Branch:&lt;/b&gt; AIR FORCE&lt;br/&gt;&lt;b&gt;Completion:&lt;/b&gt; June 30, 2033&lt;br/&gt;&lt;hr/&gt;&lt;small&gt;Raytheon Co., Tucson, Arizona, was awarded a not-to-exceed $20,699,334,581 fixed-price incentive firm and firm-fixed-price-undefinitized contract action multi-year contract for the Advanced Medium-Range Air-to-Air Missiles (AMRAAM). This contract provides for the procurement of AMRAAM All Up Rounds, Guidance Sections, Direct Charge, and FMS Offsets. Work will be performed at Tucson, Arizona, and is expected to be completed by June 30, 2033. This contract involves foreign military sales to Austra&lt;/small&gt;</description>
            <styleUrl>#4</styleUrl>
            <Point id="2">
                <coordinates>-110.974847,32.2228765,0.0</coordinates>
            </Point>
        </Placemark>
        <Placemark id="8">
            <name>Lockheed Martin Corp. — $1,211,234,988</name>
            <description>&lt;b&gt;Lockheed Martin Corp.&lt;/b&gt;&lt;br/&gt;&lt;b&gt;Amount:&lt;/b&gt; $1,211,234,988&lt;br/&gt;&lt;b&gt;Contract:&lt;/b&gt; W31P4Q-26-D-A001&lt;br/&gt;&lt;b&gt;Branch:&lt;/b&gt; ARMY&lt;br/&gt;&lt;b&gt;Completion:&lt;/b&gt; &lt;br/&gt;&lt;hr/&gt;&lt;small&gt;Lockheed Martin Corp., Grand Prairie, Texas, was awarded a $1,211,234,988 cost-plus-fixed-fee, firm-fixed-price, indefinite-delivery/indefinite-quantity contract for the Precision Strike Missile Increment 2 Early Operational Capability. One bid was solicited with one received. Work locations and funding will be determined with each order, with an estimated completion date of Sept. 13, 2031. Army Contracting Command, Redstone Arsenal, Alabama, is the contracting activity (W31P4Q-26-D-A001).&lt;/small&gt;</description>
            <styleUrl>#9</styleUrl>
            <Point id="7">
                <coordinates>-96.9977846,32.7459645,0.0</coordinates>
            </Point>
        </Placemark>
        <Placemark id="13">
            <name>Metallus Inc. — $995,000,000</name>
            <description>&lt;b&gt;Metallus Inc.&lt;/b&gt;&lt;br/&gt;&lt;b&gt;Amount:&lt;/b&gt; $995,000,000&lt;br/&gt;&lt;b&gt;Contract:&lt;/b&gt; SP8000-26-D-0032&lt;br/&gt;&lt;b&gt;Branch:&lt;/b&gt; DEFENSE LOGISTICS AGENCY&lt;br/&gt;&lt;b&gt;Completion:&lt;/b&gt; &lt;br/&gt;&lt;hr/&gt;&lt;small&gt;Metallus Inc.,* Canton, Ohio, has been awarded a maximum $995,000,000 firm-fixed-price contract for High Fragmentation 1 Steel. The was a sole-source acquisition using justification 10 U.S. Code 3204 (a)(3)(A), as stated in Federal Acquisition Regulation 6.103-3 (b)(1). This is a five-year contract with no option periods. The performance completion date is Sept. 24, 2031. Using military services are Army, Marine Corps, Navy, Air Force and Space Force. Type of appropriation is fiscal 2025 through&lt;/small&gt;</description>
            <styleUrl>#14</styleUrl>
            <Point id="12">
                <coordinates>-81.3749508,40.7985464,0.0</coordinates>
            </Point>
        </Placemark>
        <Placemark id="18">
            <name>Lockheed Martin Corp. — $871,243,964</name>
            <description>&lt;b&gt;Lockheed Martin Corp.&lt;/b&gt;&lt;br/&gt;&lt;b&gt;Amount:&lt;/b&gt; $871,243,964&lt;br/&gt;&lt;b&gt;Contract:&lt;/b&gt; N0001926D0010&lt;br/&gt;&lt;b&gt;Branch:&lt;/b&gt; NAVY&lt;br/&gt;&lt;b&gt;Completion:&lt;/b&gt; February 2031&lt;br/&gt;&lt;hr/&gt;&lt;small&gt;Lockheed Martin Corp., Fort Worth, Texas, is awarded an $871,243,964 modification (P00002) to a cost-plus-incentive-fee indefinite-delivery/indefinite-quantity contract (N0001926D0010). This modification increases the contract ceiling to provide additional capacity for support equipment under the F-35 Lightning II site activation and hardware non-recurring sustainment effort. The contract provides initial sustainment supplies and services in support of establishing and activating land-based and &lt;/small&gt;</description>
            <styleUrl>#19</styleUrl>
            <Point id="17">
                <coordinates>-118.4156337,33.917028,0.0</coordinates>
            </Point>
        </Placemark>
        <Placemark id="23">
            <name>BAE Systems Land &amp; Armaments LP — $818,355,026</name>
            <description>&lt;b&gt;BAE Systems Land &amp;amp; Armaments LP&lt;/b&gt;&lt;br/&gt;&lt;b&gt;Amount:&lt;/b&gt; $818,355,026&lt;br/&gt;&lt;b&gt;Contract:&lt;/b&gt; &lt;br/&gt;&lt;b&gt;Branch:&lt;/b&gt; ARMY&lt;br/&gt;&lt;b&gt;Completion:&lt;/b&gt; &lt;br/&gt;&lt;hr/&gt;&lt;small&gt;BAE Systems Land &amp;amp; Armaments LP, York, Pennsylvania, was awarded an $818,355,026 modification (PZ0054) to contract W56HZV-23-C-0024 for armored multi-purpose vehicles. The modification brings the total cumulative face value of the contract to $3,298,715,424. Work will be performed in York, Pennsylvania, with an estimated completion date of May 31, 2030. Fiscal 2025 and 2026 weapons and tracked combat vehicle procurement, Army funds in the amount of $818,355,026 were obligated at the time of the &lt;/small&gt;</description>
            <styleUrl>#24</styleUrl>
            <Point id="22">
                <coordinates>-76.7276989,39.962493,0.0</coordinates>
            </Point>
        </Placemark>
        <Placemark id="28">
            <name>Lockheed Martin Rotary and Mission Systems — $723,997,537</name>
            <description>&lt;b&gt;Lockheed Martin Rotary and Mission Systems&lt;/b&gt;&lt;br/&gt;&lt;b&gt;Amount:&lt;/b&gt; $723,997,537&lt;br/&gt;&lt;b&gt;Contract:&lt;/b&gt; &lt;br/&gt;&lt;b&gt;Branch:&lt;/b&gt; MISSILE DEFENSE AGENCY&lt;br/&gt;&lt;b&gt;Completion:&lt;/b&gt; &lt;br/&gt;&lt;hr/&gt;&lt;small&gt;Lockheed Martin Rotary and Mission Systems, Moorestown, New Jersey, is being awarded a $723,997,537 noncompetitive firm-fixed-price, cost-plus-incentive-fee, and cost-plus-fixed-fee contract modification under a Foreign Military Sales (FMS) case to the Japanese Ministry of Defense. The total value of the contract is increased from $1,639,544,622 to $2,363,542,159. Under this contract modification, the contractor will perform requirements of the FMS case including delivery of Aegis System equippe&lt;/small&gt;</description>
            <styleUrl>#29</styleUrl>
            <Point id="27">
                <coordinates>-74.9426677,39.9670569,0.0</coordinates>
            </Point>
        </Placemark>
        <Placemark id="33">
            <name>Lockheed Martin Rotary and Mission Systems — $723,997,537</name>
            <description>&lt;b&gt;Lockheed Martin Rotary and Mission Systems&lt;/b&gt;&lt;br/&gt;&lt;b&gt;Amount:&lt;/b&gt; $723,997,537&lt;br/&gt;&lt;b&gt;Contract:&lt;/b&gt; &lt;br/&gt;&lt;b&gt;Branch:&lt;/b&gt; MISSILE DEFENSE AGENCY&lt;br/&gt;&lt;b&gt;Completion:&lt;/b&gt; &lt;br/&gt;&lt;hr/&gt;&lt;small&gt;Lockheed Martin Rotary and Mission Systems, Moorestown, New Jersey, is being awarded a $723,997,537 noncompetitive firm-fixed-price, cost-plus-incentive-fee, and cost-plus-fixed-fee contract modification under a Foreign Military Sales (FMS) case to the Japanese Ministry of Defense. The total value of the contract is increased from $1,639,544,622 to $2,363,542,159. Under this contract modification, the contractor will perform requirements of the FMS case including delivery of Aegis System equippe&lt;/small&gt;</description>
            <styleUrl>#34</styleUrl>
            <Point id="32">
                <coordinates>-74.9426677,39.9670569,0.0</coordinates>
            </Point>
        </Placemark>
        <Placemark id="38">
            <name>GM Defense LLC — $697,686,693</name>
            <description>&lt;b&gt;GM Defense LLC&lt;/b&gt;&lt;br/&gt;&lt;b&gt;Amount:&lt;/b&gt; $697,686,693&lt;br/&gt;&lt;b&gt;Contract:&lt;/b&gt; &lt;br/&gt;&lt;b&gt;Branch:&lt;/b&gt; ARMY&lt;br/&gt;&lt;b&gt;Completion:&lt;/b&gt; &lt;br/&gt;&lt;hr/&gt;&lt;small&gt;GM Defense LLC, Warren, Michigan, was awarded a $697,686,693 modification (P00053) to contract (W56HZV-20-D-0066) for engineering change proposals for the Infantry Squad Vehicle Utility and Infantry Squad Vehicle Utility Winch Kit. This modification brings the total cumulative face value to $915,597,166. One bid was solicited with one received. Work locations and funding will be determined with each order, with an estimated completion date of June 25, 2028. U.S. Army Contracting Command-Detroit &lt;/small&gt;</description>
            <styleUrl>#39</styleUrl>
            <Point id="37">
                <coordinates>-83.0062746,42.4932575,0.0</coordinates>
            </Point>
        </Placemark>
        <Placemark id="43">
            <name> — $601,895,915</name>
            <description>&lt;b&gt;&lt;/b&gt;&lt;br/&gt;&lt;b&gt;Amount:&lt;/b&gt; $601,895,915&lt;br/&gt;&lt;b&gt;Contract:&lt;/b&gt; &lt;br/&gt;&lt;b&gt;Branch:&lt;/b&gt; DEFENSE LOGISTICS AGENCY&lt;br/&gt;&lt;b&gt;Completion:&lt;/b&gt; &lt;br/&gt;&lt;hr/&gt;&lt;small&gt;BP Products North America Inc., Chicago, Illinois (SPE602-26-D-0493, $601,895,915); Valero Marketing and Supply Co., San Antonio, Texas (SPE602-26-D-0488, $432,153,244); Chevron U.S.A. Inc., San Ramon, California (SPE602-26-D-0484, $418,046,114); Marathon Petroleum Co. LP, Findlay, Ohio (SPE602-26-D-0487, $307,603,912); Petro Star Inc.,* Anchorage, Alaska (SPE602-26-D-0485, $234,142,421); Par Hawaii Refining LLC, Houston, Texas (SPE602-26-D-0495, $135,812,649); Avfuel Corp., Ann Arbor, Michigan &lt;/small&gt;</description>
            <styleUrl>#44</styleUrl>
            <Point id="42">
                <coordinates>-107.568534,43.1700264,0.0</coordinates>
            </Point>
        </Placemark>
        <Placemark id="48">
            <name>The Boeing Co. — $552,053,000</name>
            <description>&lt;b&gt;The Boeing Co.&lt;/b&gt;&lt;br/&gt;&lt;b&gt;Amount:&lt;/b&gt; $552,053,000&lt;br/&gt;&lt;b&gt;Contract:&lt;/b&gt; N0001922C0048&lt;br/&gt;&lt;b&gt;Branch:&lt;/b&gt; NAVY&lt;br/&gt;&lt;b&gt;Completion:&lt;/b&gt; July 2031&lt;br/&gt;&lt;hr/&gt;&lt;small&gt;The Boeing Co., St. Louis, Missouri, is awarded a not-to-exceed $552,053,000 undefinitized, fixed-price-incentive modification (P00017) to a previously awarded firm-fixed-price advance acquisition contract (N0001922C0048). This modification adds scope for the production and delivery of three MQ-25A Stingray low-rate initial production Lot One aircraft as well as provides for advance acquisition of long-lead components for three low-rate initial production Lot Two aircraft for the Navy. Work will&lt;/small&gt;</description>
            <styleUrl>#49</styleUrl>
            <Point id="47">
                <coordinates>-90.190009,38.6254063,0.0</coordinates>
            </Point>
        </Placemark>
        <Placemark id="53">
            <name>Raytheon Missiles and Defense — $511,533,484</name>
            <description>&lt;b&gt;Raytheon Missiles and Defense&lt;/b&gt;&lt;br/&gt;&lt;b&gt;Amount:&lt;/b&gt; $511,533,484&lt;br/&gt;&lt;b&gt;Contract:&lt;/b&gt; N00024-22-C-5500&lt;br/&gt;&lt;b&gt;Branch:&lt;/b&gt; NAVY&lt;br/&gt;&lt;b&gt;Completion:&lt;/b&gt; November 2031&lt;br/&gt;&lt;hr/&gt;&lt;small&gt;Raytheon Missiles and Defense, Marlborough, Massachusetts, was awarded a $511,533,484 fixed-price incentive (firm-target), firm-fixed-price, and cost-only modification to a previously awarded contract (N00024-22-C-5500) to exercise options and purchase spares for hardware production of the AN/SPY-6(V) family of radars and associated hardware. Work will be performed in Andover, Massachusetts (30%); San Diego, California (10%); Scottsdale, Arizona (10%); Syracuse, New York (8%); Stafford Springs, &lt;/small&gt;</description>
            <styleUrl>#54</styleUrl>
            <Point id="52">
                <coordinates>-71.1408776,42.65717,0.0</coordinates>
            </Point>
        </Placemark>
        <Placemark id="58">
            <name>RADA Technologies LLC — $500,000,000</name>
            <description>&lt;b&gt;RADA Technologies LLC&lt;/b&gt;&lt;br/&gt;&lt;b&gt;Amount:&lt;/b&gt; $500,000,000&lt;br/&gt;&lt;b&gt;Contract:&lt;/b&gt; &lt;br/&gt;&lt;b&gt;Branch:&lt;/b&gt; ARMY&lt;br/&gt;&lt;b&gt;Completion:&lt;/b&gt; &lt;br/&gt;&lt;hr/&gt;&lt;small&gt;RADA Technologies LLC, Germantown, Maryland, was awarded a $500,000,000 firm-fixed-price, indefinite-delivery/indefinite-quantity contract for commercial counter-unmanned aerial systems and counter small-unmanned aerial systems capabilities. Bids were solicited via the internet with 50 received. Work locations and funding will be determined with each order, with an estimated completion date of Sept. 27, 2029. Army Contracting Command, Detroit Arsenal, Michigan, is the contracting activity (W912C&lt;/small&gt;</description>
            <styleUrl>#59</styleUrl>
            <Point id="57">
                <coordinates>-77.266647,39.181334,0.0</coordinates>
            </Point>
        </Placemark>
        <Placemark id="63">
            <name>Napatree Technology LLC — $500,000,000</name>
            <description>&lt;b&gt;Napatree Technology LLC&lt;/b&gt;&lt;br/&gt;&lt;b&gt;Amount:&lt;/b&gt; $500,000,000&lt;br/&gt;&lt;b&gt;Contract:&lt;/b&gt; &lt;br/&gt;&lt;b&gt;Branch:&lt;/b&gt; ARMY&lt;br/&gt;&lt;b&gt;Completion:&lt;/b&gt; &lt;br/&gt;&lt;hr/&gt;&lt;small&gt;Napatree Technology LLC,* McLean, Virginia, was awarded a $500,000,000 firm-fixed-price, indefinite-delivery/indefinite-quantity contract for commercial counter-unmanned aerial systems and counter-small unmanned aerial systems capabilities. Bids were solicited via the internet with 50 received. Work locations and funding will be determined with each order, with an estimated completion date of Sept. 28, 2029. Army Contracting Command, Detroit Arsenal, Michigan, is the contracting activity (W912CH&lt;/small&gt;</description>
            <styleUrl>#64</styleUrl>
            <Point id="62">
                <coordinates>-77.1776327,38.9342888,0.0</coordinates>
            </Point>
        </Placemark>
        <Placemark id="68">
            <name>SRC Inc. — $500,000,000</name>
            <description>&lt;b&gt;SRC Inc.&lt;/b&gt;&lt;br/&gt;&lt;b&gt;Amount:&lt;/b&gt; $500,000,000&lt;br/&gt;&lt;b&gt;Contract:&lt;/b&gt; &lt;br/&gt;&lt;b&gt;Branch:&lt;/b&gt; ARMY&lt;br/&gt;&lt;b&gt;Completion:&lt;/b&gt; &lt;br/&gt;&lt;hr/&gt;&lt;small&gt;SRC Inc., Syracuse, New York, was awarded a $500,000,000 firm-fixed-price, indefinite-delivery/indefinite-quantity contract for commercial counter-unmanned aerial systems capabilities and counter small-unmanned aerial systems capabilities. Bids were solicited via the internet with 50 received. Work locations and funding will be determined with each order, with an estimated completion date of Sept. 27, 2029. Army Contracting Command, Detroit Arsenal, Michigan, is the contracting activity (W912CH-&lt;/small&gt;</description>
            <styleUrl>#69</styleUrl>
            <Point id="67">
                <coordinates>-76.1474244,43.0481221,0.0</coordinates>
            </Point>
        </Placemark>
        <Placemark id="73">
            <name>Wescam USA Inc. — $500,000,000</name>
            <description>&lt;b&gt;Wescam USA Inc.&lt;/b&gt;&lt;br/&gt;&lt;b&gt;Amount:&lt;/b&gt; $500,000,000&lt;br/&gt;&lt;b&gt;Contract:&lt;/b&gt; &lt;br/&gt;&lt;b&gt;Branch:&lt;/b&gt; ARMY&lt;br/&gt;&lt;b&gt;Completion:&lt;/b&gt; &lt;br/&gt;&lt;hr/&gt;&lt;small&gt;Wescam USA Inc., Nashville, Tennessee, was awarded a $500,000,000 firm-fixed-price, indefinite-delivery/indefinite-quantity contract for commercial counter-unmanned aerial systems and counter small-unmanned aerial systems capabilities. Bids were solicited via the internet with 50 received. Work locations and funding will be determined with each order, with an estimated completion date of Sept. 27, 2029. Army Contracting Command, Detroit Arsenal, Michigan, is the contracting activity (W912CH-26-D&lt;/small&gt;</description>
            <styleUrl>#74</styleUrl>
            <Point id="72">
                <coordinates>-86.7742984,36.1622767,0.0</coordinates>
            </Point>
        </Placemark>
        <Placemark id="78">
            <name>DroneShield LLC — $500,000,000</name>
            <description>&lt;b&gt;DroneShield LLC&lt;/b&gt;&lt;br/&gt;&lt;b&gt;Amount:&lt;/b&gt; $500,000,000&lt;br/&gt;&lt;b&gt;Contract:&lt;/b&gt; &lt;br/&gt;&lt;b&gt;Branch:&lt;/b&gt; ARMY&lt;br/&gt;&lt;b&gt;Completion:&lt;/b&gt; &lt;br/&gt;&lt;hr/&gt;&lt;small&gt;DroneShield LLC, Warrenton, Virginia, was awarded a $500,000,000 firm-fixed-price, indefinite-delivery/indefinite-quantity contract for commercial counter-unmanned aerial systems and counter small-unmanned aerial systems capabilities. Bids were solicited via the internet with 50 received. Work locations and funding will be determined with each order, with an estimated completion date of Sept. 27, 2029. Army Contracting Command, Detroit Arsenal, Michigan, is the contracting activity (W912CH-26-D-&lt;/small&gt;</description>
            <styleUrl>#79</styleUrl>
            <Point id="77">
                <coordinates>-77.795367,38.7135498,0.0</coordinates>
            </Point>
        </Placemark>
        <Placemark id="83">
            <name>Digital Force Technologies LLC — $500,000,000</name>
            <description>&lt;b&gt;Digital Force Technologies LLC&lt;/b&gt;&lt;br/&gt;&lt;b&gt;Amount:&lt;/b&gt; $500,000,000&lt;br/&gt;&lt;b&gt;Contract:&lt;/b&gt; &lt;br/&gt;&lt;b&gt;Branch:&lt;/b&gt; ARMY&lt;br/&gt;&lt;b&gt;Completion:&lt;/b&gt; &lt;br/&gt;&lt;hr/&gt;&lt;small&gt;Digital Force Technologies LLC, San Diego, California, was awarded a $500,000,000 firm-fixed-price, indefinite-delivery/indefinite-quantity contract for commercial counter-unmanned aerial systems and counter small-unmanned aerial systems capabilities. Bids were solicited via the internet with 50 received. Work locations and funding will be determined with each order, with an estimated completion date of Sept. 27, 2029. Army Contracting Command, Detroit Arsenal, Michigan, is the contracting activ&lt;/small&gt;</description>
            <styleUrl>#84</styleUrl>
            <Point id="82">
                <coordinates>-117.1638284,32.7157062,0.0</coordinates>
            </Point>
        </Placemark>
        <Placemark id="88">
            <name>Allen Control Systems Inc. — $500,000,000</name>
            <description>&lt;b&gt;Allen Control Systems Inc.&lt;/b&gt;&lt;br/&gt;&lt;b&gt;Amount:&lt;/b&gt; $500,000,000&lt;br/&gt;&lt;b&gt;Contract:&lt;/b&gt; &lt;br/&gt;&lt;b&gt;Branch:&lt;/b&gt; ARMY&lt;br/&gt;&lt;b&gt;Completion:&lt;/b&gt; &lt;br/&gt;&lt;hr/&gt;&lt;small&gt;Allen Control Systems Inc., Austin, Texas, was awarded a $500,000,000 firm-fixed-price, indefinite-delivery/indefinite-quantity contract for commercial counter-unmanned aerial systems and counter small-unmanned aerial systems capabilities. Bids were solicited via the internet with 50 received. Work locations and funding will be determined with each order, with an estimated completion date of Sept. 27, 2029. Army Contracting Command, Detroit Arsenal, Michigan, is the contracting activity (W912CH-&lt;/small&gt;</description>
            <styleUrl>#89</styleUrl>
            <Point id="87">
                <coordinates>-97.7436995,30.2711286,0.0</coordinates>
            </Point>
        </Placemark>
        <Placemark id="93">
            <name>RADA Technologies LLC — $500,000,000</name>
            <description>&lt;b&gt;RADA Technologies LLC&lt;/b&gt;&lt;br/&gt;&lt;b&gt;Amount:&lt;/b&gt; $500,000,000&lt;br/&gt;&lt;b&gt;Contract:&lt;/b&gt; &lt;br/&gt;&lt;b&gt;Branch:&lt;/b&gt; ARMY&lt;br/&gt;&lt;b&gt;Completion:&lt;/b&gt; &lt;br/&gt;&lt;hr/&gt;&lt;small&gt;RADA Technologies LLC, Germantown, Maryland, was awarded a $500,000,000 firm-fixed-price, indefinite-delivery/indefinite-quantity contract for commercial counter-unmanned aerial systems and counter small-unmanned aerial systems capabilities. Bids were solicited via the internet with 50 received. Work locations and funding will be determined with each order, with an estimated completion date of Sept. 27, 2029. Army Contracting Command, Detroit Arsenal, Michigan, is the contracting activity (W912C&lt;/small&gt;</description>
            <styleUrl>#94</styleUrl>
            <Point id="92">
                <coordinates>-77.266647,39.181334,0.0</coordinates>
            </Point>
        </Placemark>
        <Placemark id="98">
            <name>Napatree Technology LLC — $500,000,000</name>
            <description>&lt;b&gt;Napatree Technology LLC&lt;/b&gt;&lt;br/&gt;&lt;b&gt;Amount:&lt;/b&gt; $500,000,000&lt;br/&gt;&lt;b&gt;Contract:&lt;/b&gt; &lt;br/&gt;&lt;b&gt;Branch:&lt;/b&gt; ARMY&lt;br/&gt;&lt;b&gt;Completion:&lt;/b&gt; &lt;br/&gt;&lt;hr/&gt;&lt;small&gt;Napatree Technology LLC,* McLean, Virginia, was awarded a $500,000,000 firm-fixed-price, indefinite-delivery/indefinite-quantity contract for commercial counter-unmanned aerial systems and counter-small unmanned aerial systems capabilities. Bids were solicited via the internet with 50 received. Work locations and funding will be determined with each order, with an estimated completion date of Sept. 28, 2029. Army Contracting Command, Detroit Arsenal, Michigan, is the contracting activity (W912CH&lt;/small&gt;</description>
            <styleUrl>#99</styleUrl>
            <Point id="97">
                <coordinates>-77.1776327,38.9342888,0.0</coordinates>
            </Point>
        </Placemark>
        <Placemark id="103">
            <name>SRC Inc. — $500,000,000</name>
            <description>&lt;b&gt;SRC Inc.&lt;/b&gt;&lt;br/&gt;&lt;b&gt;Amount:&lt;/b&gt; $500,000,000&lt;br/&gt;&lt;b&gt;Contract:&lt;/b&gt; &lt;br/&gt;&lt;b&gt;Branch:&lt;/b&gt; ARMY&lt;br/&gt;&lt;b&gt;Completion:&lt;/b&gt; &lt;br/&gt;&lt;hr/&gt;&lt;small&gt;SRC Inc., Syracuse, New York, was awarded a $500,000,000 firm-fixed-price, indefinite-delivery/indefinite-quantity contract for commercial counter-unmanned aerial systems capabilities and counter small-unmanned aerial systems capabilities. Bids were solicited via the internet with 50 received. Work locations and funding will be determined with each order, with an estimated completion date of Sept. 27, 2029. Army Contracting Command, Detroit Arsenal, Michigan, is the contracting activity (W912CH-&lt;/small&gt;</description>
            <styleUrl>#104</styleUrl>
            <Point id="102">
                <coordinates>-76.1474244,43.0481221,0.0</coordinates>
            </Point>
        </Placemark>
        <Placemark id="108">
            <name>Wescam USA Inc. — $500,000,000</name>
            <description>&lt;b&gt;Wescam USA Inc.&lt;/b&gt;&lt;br/&gt;&lt;b&gt;Amount:&lt;/b&gt; $500,000,000&lt;br/&gt;&lt;b&gt;Contract:&lt;/b&gt; &lt;br/&gt;&lt;b&gt;Branch:&lt;/b&gt; ARMY&lt;br/&gt;&lt;b&gt;Completion:&lt;/b&gt; &lt;br/&gt;&lt;hr/&gt;&lt;small&gt;Wescam USA Inc., Nashville, Tennessee, was awarded a $500,000,000 firm-fixed-price, indefinite-delivery/indefinite-quantity contract for commercial counter-unmanned aerial systems and counter small-unmanned aerial systems capabilities. Bids were solicited via the internet with 50 received. Work locations and funding will be determined with each order, with an estimated completion date of Sept. 27, 2029. Army Contracting Command, Detroit Arsenal, Michigan, is the contracting activity (W912CH-26-D&lt;/small&gt;</description>
            <styleUrl>#109</styleUrl>
            <Point id="107">
                <coordinates>-86.7742984,36.1622767,0.0</coordinates>
            </Point>
        </Placemark>
        <Placemark id="113">
            <name>DroneShield LLC — $500,000,000</name>
            <description>&lt;b&gt;DroneShield LLC&lt;/b&gt;&lt;br/&gt;&lt;b&gt;Amount:&lt;/b&gt; $500,000,000&lt;br/&gt;&lt;b&gt;Contract:&lt;/b&gt; &lt;br/&gt;&lt;b&gt;Branch:&lt;/b&gt; ARMY&lt;br/&gt;&lt;b&gt;Completion:&lt;/b&gt; &lt;br/&gt;&lt;hr/&gt;&lt;small&gt;DroneShield LLC, Warrenton, Virginia, was awarded a $500,000,000 firm-fixed-price, indefinite-delivery/indefinite-quantity contract for commercial counter-unmanned aerial systems and counter small-unmanned aerial systems capabilities. Bids were solicited via the internet with 50 received. Work locations and funding will be determined with each order, with an estimated completion date of Sept. 27, 2029. Army Contracting Command, Detroit Arsenal, Michigan, is the contracting activity (W912CH-26-D-&lt;/small&gt;</description>
            <styleUrl>#114</styleUrl>
            <Point id="112">
                <coordinates>-77.795367,38.7135498,0.0</coordinates>
            </Point>
        </Placemark>
        <Placemark id="118">
            <name>Digital Force Technologies LLC — $500,000,000</name>
            <description>&lt;b&gt;Digital Force Technologies LLC&lt;/b&gt;&lt;br/&gt;&lt;b&gt;Amount:&lt;/b&gt; $500,000,000&lt;br/&gt;&lt;b&gt;Contract:&lt;/b&gt; &lt;br/&gt;&lt;b&gt;Branch:&lt;/b&gt; ARMY&lt;br/&gt;&lt;b&gt;Completion:&lt;/b&gt; &lt;br/&gt;&lt;hr/&gt;&lt;small&gt;Digital Force Technologies LLC, San Diego, California, was awarded a $500,000,000 firm-fixed-price, indefinite-delivery/indefinite-quantity contract for commercial counter-unmanned aerial systems and counter small-unmanned aerial systems capabilities. Bids were solicited via the internet with 50 received. Work locations and funding will be determined with each order, with an estimated completion date of Sept. 27, 2029. Army Contracting Command, Detroit Arsenal, Michigan, is the contracting activ&lt;/small&gt;</description>
            <styleUrl>#119</styleUrl>
            <Point id="117">
                <coordinates>-117.1638284,32.7157062,0.0</coordinates>
            </Point>
        </Placemark>
        <Placemark id="123">
            <name>Allen Control Systems Inc. — $500,000,000</name>
            <description>&lt;b&gt;Allen Control Systems Inc.&lt;/b&gt;&lt;br/&gt;&lt;b&gt;Amount:&lt;/b&gt; $500,000,000&lt;br/&gt;&lt;b&gt;Contract:&lt;/b&gt; &lt;br/&gt;&lt;b&gt;Branch:&lt;/b&gt; ARMY&lt;br/&gt;&lt;b&gt;Completion:&lt;/b&gt; &lt;br/&gt;&lt;hr/&gt;&lt;small&gt;Allen Control Systems Inc., Austin, Texas, was awarded a $500,000,000 firm-fixed-price, indefinite-delivery/indefinite-quantity contract for commercial counter-unmanned aerial systems and counter small-unmanned aerial systems capabilities. Bids were solicited via the internet with 50 received. Work locations and funding will be determined with each order, with an estimated completion date of Sept. 27, 2029. Army Contracting Command, Detroit Arsenal, Michigan, is the contracting activity (W912CH-&lt;/small&gt;</description>
            <styleUrl>#124</styleUrl>
            <Point id="122">
                <coordinates>-97.7436995,30.2711286,0.0</coordinates>
            </Point>
        </Placemark>
        <Placemark id="128">
            <name>CFM International Inc. — $489,739,433</name>
            <description>&lt;b&gt;CFM International Inc.&lt;/b&gt;&lt;br/&gt;&lt;b&gt;Amount:&lt;/b&gt; $489,739,433&lt;br/&gt;&lt;b&gt;Contract:&lt;/b&gt; N0001926D1008&lt;br/&gt;&lt;b&gt;Branch:&lt;/b&gt; NAVY&lt;br/&gt;&lt;b&gt;Completion:&lt;/b&gt; September 2031&lt;br/&gt;&lt;hr/&gt;&lt;small&gt;CFM International Inc., Cincinnati, Ohio, is awarded a $489,739,433 firm-fixed-price indefinite-delivery/indefinite-quantity contract for the procurement of up to 24 CFM56-7B27AE core engines for P-8A aircraft, including up to twelve engines for the Navy and up to twelve engines for Foreign Military Sales customers, as well as one CFM56-7B24E core engine for the C-40A aircraft. Additionally, this contract provides associated engine covers, stands, and cradles. Work will be performed in Villaroch&lt;/small&gt;</description>
            <styleUrl>#129</styleUrl>
            <Point id="127">
                <coordinates>2.6550182,48.6165845,0.0</coordinates>
            </Point>
        </Placemark>
        <Placemark id="133">
            <name> — $404,354,590</name>
            <description>&lt;b&gt;&lt;/b&gt;&lt;br/&gt;&lt;b&gt;Amount:&lt;/b&gt; $404,354,590&lt;br/&gt;&lt;b&gt;Contract:&lt;/b&gt; M67854-26-D-1016&lt;br/&gt;&lt;b&gt;Branch:&lt;/b&gt; NAVY&lt;br/&gt;&lt;b&gt;Completion:&lt;/b&gt; Sept. 24, 2034&lt;br/&gt;&lt;hr/&gt;&lt;small&gt;Kongsberg Defence &amp;amp; Aerospace AS, Kongsberg, Norway, is awarded a $404,354,590 firm-fixed-price, indefinite-delivery/indefinite-quantity contract for full-rate production and sustainment support of the Naval Strike Missile Launcher Unit, Weapon Control System, and ancillary support equipment. Work will be performed in Kongsberg, Norway (85%) and Johnstown, Pennsylvania (15%) and is expected to be completed by Sept. 24, 2034. No funds will be obligated at time of award. Funds will be obligated on&lt;/small&gt;</description>
            <styleUrl>#134</styleUrl>
            <Point id="132">
                <coordinates>9.6708601,59.5945501,0.0</coordinates>
            </Point>
        </Placemark>
        <Placemark id="138">
            <name>Modula S — $350,000,000</name>
            <description>&lt;b&gt;Modula S&lt;/b&gt;&lt;br/&gt;&lt;b&gt;Amount:&lt;/b&gt; $350,000,000&lt;br/&gt;&lt;b&gt;Contract:&lt;/b&gt; W911S0-26-D-A010&lt;br/&gt;&lt;b&gt;Branch:&lt;/b&gt; ARMY&lt;br/&gt;&lt;b&gt;Completion:&lt;/b&gt; &lt;br/&gt;&lt;hr/&gt;&lt;small&gt;Modula S, Ketchum, Idaho, was awarded a $350,000,000 firm-fixed-price, indefinite-delivery/indefinite-quantity contract for the design, supply, installation and support of Holistic Health and Fitness structures, buildings, technology, equipment, systems and services. Bids were solicited via the internet with one received. Work locations and funding will be determined with each order, with an estimated completion date of Sept. 15, 2033. Army Field Directorate Office, Fort Eustis, Virginia, is the&lt;/small&gt;</description>
            <styleUrl>#139</styleUrl>
            <Point id="137">
                <coordinates>-114.363662,43.680741,0.0</coordinates>
            </Point>
        </Placemark>
        <Placemark id="143">
            <name>EchoDyne Corp. — $250,000,000</name>
            <description>&lt;b&gt;EchoDyne Corp.&lt;/b&gt;&lt;br/&gt;&lt;b&gt;Amount:&lt;/b&gt; $250,000,000&lt;br/&gt;&lt;b&gt;Contract:&lt;/b&gt; &lt;br/&gt;&lt;b&gt;Branch:&lt;/b&gt; ARMY&lt;br/&gt;&lt;b&gt;Completion:&lt;/b&gt; &lt;br/&gt;&lt;hr/&gt;&lt;small&gt;EchoDyne Corp., Kirkland, Washington, was awarded a $250,000,000 firm-fixed-price, indefinite-delivery/indefinite-quantity contract for commercial counter-unmanned aerial systems and counter small-unmanned aerial systems capabilities. Bids were solicited via the internet with 50 received. Work locations and funding will be determined with each order, with an estimated completion date of Sept. 27, 2029. Army Contracting Command, Detroit Arsenal, Michigan, is the contracting activity (W912CH-26-D-&lt;/small&gt;</description>
            <styleUrl>#144</styleUrl>
            <Point id="142">
                <coordinates>-122.2070775,47.6765382,0.0</coordinates>
            </Point>
        </Placemark>
        <Placemark id="148">
            <name>PVP Advanced EO Systems Inc. — $250,000,000</name>
            <description>&lt;b&gt;PVP Advanced EO Systems Inc.&lt;/b&gt;&lt;br/&gt;&lt;b&gt;Amount:&lt;/b&gt; $250,000,000&lt;br/&gt;&lt;b&gt;Contract:&lt;/b&gt; &lt;br/&gt;&lt;b&gt;Branch:&lt;/b&gt; ARMY&lt;br/&gt;&lt;b&gt;Completion:&lt;/b&gt; &lt;br/&gt;&lt;hr/&gt;&lt;small&gt;PVP Advanced EO Systems Inc., Lake Forest, California, was awarded a $250,000,000 firm-fixed-price, indefinite-delivery/indefinite-quantity contract for commercial counter-unmanned aerial systems and counter small-unmanned aerial systems capabilities. Bids were solicited via the internet with 50 received. Work locations and funding will be determined with each order, with an estimated completion date of Sept. 27, 2029. Army Contracting Command, Detroit Arsenal, Michigan, is the contracting activ&lt;/small&gt;</description>
            <styleUrl>#149</styleUrl>
            <Point id="147">
                <coordinates>-117.6859213,33.6469261,0.0</coordinates>
            </Point>
        </Placemark>
        <Placemark id="153">
            <name>EchoDyne Corp. — $250,000,000</name>
            <description>&lt;b&gt;EchoDyne Corp.&lt;/b&gt;&lt;br/&gt;&lt;b&gt;Amount:&lt;/b&gt; $250,000,000&lt;br/&gt;&lt;b&gt;Contract:&lt;/b&gt; &lt;br/&gt;&lt;b&gt;Branch:&lt;/b&gt; ARMY&lt;br/&gt;&lt;b&gt;Completion:&lt;/b&gt; &lt;br/&gt;&lt;hr/&gt;&lt;small&gt;EchoDyne Corp., Kirkland, Washington, was awarded a $250,000,000 firm-fixed-price, indefinite-delivery/indefinite-quantity contract for commercial counter-unmanned aerial systems and counter small-unmanned aerial systems capabilities. Bids were solicited via the internet with 50 received. Work locations and funding will be determined with each order, with an estimated completion date of Sept. 27, 2029. Army Contracting Command, Detroit Arsenal, Michigan, is the contracting activity (W912CH-26-D-&lt;/small&gt;</description>
            <styleUrl>#154</styleUrl>
            <Point id="152">
                <coordinates>-122.2070775,47.6765382,0.0</coordinates>
            </Point>
        </Placemark>
        <Placemark id="158">
            <name>PVP Advanced EO Systems Inc. — $250,000,000</name>
            <description>&lt;b&gt;PVP Advanced EO Systems Inc.&lt;/b&gt;&lt;br/&gt;&lt;b&gt;Amount:&lt;/b&gt; $250,000,000&lt;br/&gt;&lt;b&gt;Contract:&lt;/b&gt; &lt;br/&gt;&lt;b&gt;Branch:&lt;/b&gt; ARMY&lt;br/&gt;&lt;b&gt;Completion:&lt;/b&gt; &lt;br/&gt;&lt;hr/&gt;&lt;small&gt;PVP Advanced EO Systems Inc., Lake Forest, California, was awarded a $250,000,000 firm-fixed-price, indefinite-delivery/indefinite-quantity contract for commercial counter-unmanned aerial systems and counter small-unmanned aerial systems capabilities. Bids were solicited via the internet with 50 received. Work locations and funding will be determined with each order, with an estimated completion date of Sept. 27, 2029. Army Contracting Command, Detroit Arsenal, Michigan, is the contracting activ&lt;/small&gt;</description>
            <styleUrl>#159</styleUrl>
            <Point id="157">
                <coordinates>-117.6859213,33.6469261,0.0</coordinates>
            </Point>
        </Placemark>
        <Placemark id="163">
            <name>Raytheon Co. — $247,089,895</name>
            <description>&lt;b&gt;Raytheon Co.&lt;/b&gt;&lt;br/&gt;&lt;b&gt;Amount:&lt;/b&gt; $247,089,895&lt;br/&gt;&lt;b&gt;Contract:&lt;/b&gt; N0001926C5406&lt;br/&gt;&lt;b&gt;Branch:&lt;/b&gt; NAVY&lt;br/&gt;&lt;b&gt;Completion:&lt;/b&gt; September 2030&lt;br/&gt;&lt;hr/&gt;&lt;small&gt;Raytheon Co., Tucson, Arizona, is awarded a $247,089,895 firm-fixed-price contract for production, upgrades, conversions, and overhauls of MK 15 Close-In Weapon Systems, including Phalanx, Land-based Phalanx Weapon System, and SeaRAM configurations, as well as associated hardware, equipment, and spares in support of Navy and Army requirements. Work will be performed in Louisville, Kentucky (33%); Tucson, Arizona (7%); Mason, Ohio (5%); Colchester, Vermont (4%); Melbourne, Florida (4%); Ottobrunn&lt;/small&gt;</description>
            <styleUrl>#164</styleUrl>
            <Point id="162">
                <coordinates>-85.759407,38.2542376,0.0</coordinates>
            </Point>
        </Placemark>
        <Placemark id="168">
            <name>Raytheon Co. — $247,089,895</name>
            <description>&lt;b&gt;Raytheon Co.&lt;/b&gt;&lt;br/&gt;&lt;b&gt;Amount:&lt;/b&gt; $247,089,895&lt;br/&gt;&lt;b&gt;Contract:&lt;/b&gt; N0001926C5406&lt;br/&gt;&lt;b&gt;Branch:&lt;/b&gt; NAVY&lt;br/&gt;&lt;b&gt;Completion:&lt;/b&gt; September 2030&lt;br/&gt;&lt;hr/&gt;&lt;small&gt;Raytheon Co., Tucson, Arizona, is awarded a $247,089,895 firm-fixed-price contract for production, upgrades, conversions, and overhauls of MK 15 Close-In Weapon Systems, including Phalanx, Land-based Phalanx Weapon System, and SeaRAM configurations, as well as associated hardware, equipment, and spares in support of Navy and Army requirements. Work will be performed in Louisville, Kentucky (33%); Tucson, Arizona (7%); Mason, Ohio (5%); Colchester, Vermont (4%); Melbourne, Florida (4%); Ottobrunn&lt;/small&gt;</description>
            <styleUrl>#169</styleUrl>
            <Point id="167">
                <coordinates>-85.759407,38.2542376,0.0</coordinates>
            </Point>
        </Placemark>
        <Placemark id="173">
            <name>Lockheed Martin Missiles and Fire Control — $244,960,024</name>
            <description>&lt;b&gt;Lockheed Martin Missiles and Fire Control&lt;/b&gt;&lt;br/&gt;&lt;b&gt;Amount:&lt;/b&gt; $244,960,024&lt;br/&gt;&lt;b&gt;Contract:&lt;/b&gt; N0001925C0009&lt;br/&gt;&lt;b&gt;Branch:&lt;/b&gt; NAVY&lt;br/&gt;&lt;b&gt;Completion:&lt;/b&gt; February 2031&lt;br/&gt;&lt;hr/&gt;&lt;small&gt;Lockheed Martin Missiles and Fire Control, Orlando, Florida, is awarded a $244,960,024 firm-fixed-price modification (P00004) to previously awarded contract (N0001925C0009). This modification adds scope to procure Full Rate Production 2 of F/A-18E/F Infrared Search and Track Block II systems, to include 48 infrared receivers (45 for the Navy and three for the Royal Australian Air Force), 74 processors, and 27 inertial measurement units for the Navy, as well as test equipment maintenance and lay-&lt;/small&gt;</description>
            <styleUrl>#174</styleUrl>
            <Point id="172">
                <coordinates>-81.379045,28.5421218,0.0</coordinates>
            </Point>
        </Placemark>
        <Placemark id="178">
            <name>Lockheed Martin Missiles and Fire Control — $244,960,024</name>
            <description>&lt;b&gt;Lockheed Martin Missiles and Fire Control&lt;/b&gt;&lt;br/&gt;&lt;b&gt;Amount:&lt;/b&gt; $244,960,024&lt;br/&gt;&lt;b&gt;Contract:&lt;/b&gt; N0001925C0009&lt;br/&gt;&lt;b&gt;Branch:&lt;/b&gt; NAVY&lt;br/&gt;&lt;b&gt;Completion:&lt;/b&gt; February 2031&lt;br/&gt;&lt;hr/&gt;&lt;small&gt;Lockheed Martin Missiles and Fire Control, Orlando, Florida, is awarded a $244,960,024 firm-fixed-price modification (P00004) to previously awarded contract (N0001925C0009). This modification adds scope to procure Full Rate Production 2 of F/A-18E/F Infrared Search and Track Block II systems, to include 48 infrared receivers (45 for the Navy and three for the Royal Australian Air Force), 74 processors, and 27 inertial measurement units for the Navy, as well as test equipment maintenance and lay-&lt;/small&gt;</description>
            <styleUrl>#179</styleUrl>
            <Point id="177">
                <coordinates>-81.379045,28.5421218,0.0</coordinates>
            </Point>
        </Placemark>
        <Placemark id="183">
            <name> — $234,460,582</name>
            <description>&lt;b&gt;&lt;/b&gt;&lt;br/&gt;&lt;b&gt;Amount:&lt;/b&gt; $234,460,582&lt;br/&gt;&lt;b&gt;Contract:&lt;/b&gt; &lt;br/&gt;&lt;b&gt;Branch:&lt;/b&gt; ARMY&lt;br/&gt;&lt;b&gt;Completion:&lt;/b&gt; &lt;br/&gt;&lt;hr/&gt;&lt;small&gt;Sikorsky, a Lockheed Martin Co., Stratford, Connecticut, was awarded a $234,460,582 fixed-price-incentive, undefinitized modification (P00004) to contract (W58RGZ-26-C-0008) to procure 16 UH-60M Black Hawk helicopters. The modification brings the total cumulative face value of the contract to $356,250,001. Work will be performed in Stratford, Connecticut, with an estimated completion date of June 30, 2028. Fiscal 2026 aircraft procurement, Army funds in the amount of $234,460,582 were obligated &lt;/small&gt;</description>
            <styleUrl>#184</styleUrl>
            <Point id="182">
                <coordinates>-73.1304917,41.1923646,0.0</coordinates>
            </Point>
        </Placemark>
        <Placemark id="188">
            <name>BAE Systems Land &amp; Armaments LP — $230,100,000</name>
            <description>&lt;b&gt;BAE Systems Land &amp;amp; Armaments LP&lt;/b&gt;&lt;br/&gt;&lt;b&gt;Amount:&lt;/b&gt; $230,100,000&lt;br/&gt;&lt;b&gt;Contract:&lt;/b&gt; M67854-16-C-0006&lt;br/&gt;&lt;b&gt;Branch:&lt;/b&gt; NAVY&lt;br/&gt;&lt;b&gt;Completion:&lt;/b&gt; &lt;br/&gt;&lt;hr/&gt;&lt;small&gt;BAE Systems Land &amp;amp; Armaments LP, Sterling Heights, Michigan, is awarded a $230,100,000 firm-fixed-price modification to previously awarded contract (M67854-16-C-0006) for amphibious combat vehicles (ACV). The total value of the contract, if all options are exercised, is $4,096,198,614. This contract modification provides for the exercise of options for the procurement of 32 full-rate production ACV recovery mission role variants and associated production, fielding and support costs, and spares. &lt;/small&gt;</description>
            <styleUrl>#189</styleUrl>
            <Point id="187">
                <coordinates>-76.7276989,39.962493,0.0</coordinates>
            </Point>
        </Placemark>
        <Placemark id="193">
            <name>Thomas Instrument — $209,961,884</name>
            <description>&lt;b&gt;Thomas Instrument&lt;/b&gt;&lt;br/&gt;&lt;b&gt;Amount:&lt;/b&gt; $209,961,884&lt;br/&gt;&lt;b&gt;Contract:&lt;/b&gt; FA8118-26-D-0039&lt;br/&gt;&lt;b&gt;Branch:&lt;/b&gt; AIR FORCE&lt;br/&gt;&lt;b&gt;Completion:&lt;/b&gt; Sept. 27, 2036&lt;br/&gt;&lt;hr/&gt;&lt;small&gt;Thomas Instrument, Brookshire, Texas, has been awarded an estimated $209,961,884 indefinite-delivery requirements contract for B-2/B-52 Common Strategic Rotary Launcher (CSRL) Power Drive Unit. This contract provides for the remanufacture of CSRL PDU. Work will be performed at Brookshire, Texas, and is expected to be completed by Sept. 27, 2036 This contract was sole source acquisition. No funds are being obligated at time of award. The Air Force Sustainment Center, Tinker Air Force Base, Oklaho&lt;/small&gt;</description>
            <styleUrl>#194</styleUrl>
            <Point id="192">
                <coordinates>-95.9510661,29.7860643,0.0</coordinates>
            </Point>
        </Placemark>
        <Placemark id="198">
            <name> — $199,700,000</name>
            <description>&lt;b&gt;&lt;/b&gt;&lt;br/&gt;&lt;b&gt;Amount:&lt;/b&gt; $199,700,000&lt;br/&gt;&lt;b&gt;Contract:&lt;/b&gt; FA8504-26-D-B002&lt;br/&gt;&lt;b&gt;Branch:&lt;/b&gt; AIR FORCE&lt;br/&gt;&lt;b&gt;Completion:&lt;/b&gt; &lt;br/&gt;&lt;hr/&gt;&lt;small&gt;GE Aviation Systems LLC, Dowty Propellers, Sterling, Virginia, has been awarded a $199,700,000 Firm Fixed Price Requirements Indefinite Delivery Contract for three years for the R-391 Propeller Assembly &amp;amp; Component Spares. This contract provides for the procurement and management of the propellers, subsystems, and components to support operational readiness of the F-130J aircraft for both the Air Force and Foreign Military Sales, specifically Australia and Egypt. Work will be performed at Glouce&lt;/small&gt;</description>
            <styleUrl>#199</styleUrl>
            <Point id="197">
                <coordinates>-78.4927721,37.1232245,0.0</coordinates>
            </Point>
        </Placemark>
        <Placemark id="203">
            <name>MSI Defence Systems US LLC — $197,000,000</name>
            <description>&lt;b&gt;MSI Defence Systems US LLC&lt;/b&gt;&lt;br/&gt;&lt;b&gt;Amount:&lt;/b&gt; $197,000,000&lt;br/&gt;&lt;b&gt;Contract:&lt;/b&gt; N00174-26-C-1009&lt;br/&gt;&lt;b&gt;Branch:&lt;/b&gt; NAVY&lt;br/&gt;&lt;b&gt;Completion:&lt;/b&gt; January 2031&lt;br/&gt;&lt;hr/&gt;&lt;small&gt;MSI Defence Systems US LLC,* Rock Hill, South Carolina, is awarded a $197,000,000 firm-fixed-price contract to procure MK88 MOD4 Gun Mounts, MK48 MOD2 Electro-Optical Sights, associated hardware, and spares. Work will be performed in Norfolk, United Kingdom (73%); Rock Hill, South Carolina (19%); Bozeman, Montana (4%); and Eagleville, Pennsylvania (4%). Deliveries are expected to be completed by January 2031. Fiscal 2026 weapons procurement Navy funds in the amount of $36,022,024 (59%); fiscal 2&lt;/small&gt;</description>
            <styleUrl>#204</styleUrl>
            <Point id="202">
                <coordinates>1.0,52.666667,0.0</coordinates>
            </Point>
        </Placemark>
        <Placemark id="208">
            <name>Amentum Technology Inc. — $150,000,000</name>
            <description>&lt;b&gt;Amentum Technology Inc.&lt;/b&gt;&lt;br/&gt;&lt;b&gt;Amount:&lt;/b&gt; $150,000,000&lt;br/&gt;&lt;b&gt;Contract:&lt;/b&gt; FA9101-26-D-B016&lt;br/&gt;&lt;b&gt;Branch:&lt;/b&gt; AIR FORCE&lt;br/&gt;&lt;b&gt;Completion:&lt;/b&gt; September 2031&lt;br/&gt;&lt;hr/&gt;&lt;small&gt;Amentum Technology Inc., Tullahoma, Tennessee, has been awarded a $150,000,000 ceiling indefinite delivery/indefinite quantity, firm-fixed-price contract for a new Survivability Test Stand. This contract provides for design, procurement, and installation of a new Survivability Test Stand for the 704th Test Group. Work will be performed at Holloman Air Force Base, New Mexico, and is expected to be completed by September 2031. This award is the result of a competitive acquisition and two offers we&lt;/small&gt;</description>
            <styleUrl>#209</styleUrl>
            <Point id="207">
                <coordinates>-106.2190016,33.076831,0.0</coordinates>
            </Point>
        </Placemark>
        <Placemark id="213">
            <name>Smart Shooter Inc. — $150,000,000</name>
            <description>&lt;b&gt;Smart Shooter Inc.&lt;/b&gt;&lt;br/&gt;&lt;b&gt;Amount:&lt;/b&gt; $150,000,000&lt;br/&gt;&lt;b&gt;Contract:&lt;/b&gt; &lt;br/&gt;&lt;b&gt;Branch:&lt;/b&gt; ARMY&lt;br/&gt;&lt;b&gt;Completion:&lt;/b&gt; &lt;br/&gt;&lt;hr/&gt;&lt;small&gt;Smart Shooter Inc., Herndon, Virginia, was awarded a $150,000,000 firm-fixed-price, indefinite-delivery/indefinite-quantity contract for commercial counter-unmanned aerial systems and counter small-unmanned aerial systems capabilities. Bids were solicited via the internet with 50 received. Work locations and funding will be determined with each order, with an estimated completion date of Sept. 27, 2029. Army Contracting Command, Detroit Arsenal, Michigan, is the contracting activity (W912CH-26-D&lt;/small&gt;</description>
            <styleUrl>#214</styleUrl>
            <Point id="212">
                <coordinates>-77.3859479,38.9695316,0.0</coordinates>
            </Point>
        </Placemark>
        <Placemark id="218">
            <name>Smart Shooter Inc. — $150,000,000</name>
            <description>&lt;b&gt;Smart Shooter Inc.&lt;/b&gt;&lt;br/&gt;&lt;b&gt;Amount:&lt;/b&gt; $150,000,000&lt;br/&gt;&lt;b&gt;Contract:&lt;/b&gt; &lt;br/&gt;&lt;b&gt;Branch:&lt;/b&gt; ARMY&lt;br/&gt;&lt;b&gt;Completion:&lt;/b&gt; &lt;br/&gt;&lt;hr/&gt;&lt;small&gt;Smart Shooter Inc., Herndon, Virginia, was awarded a $150,000,000 firm-fixed-price, indefinite-delivery/indefinite-quantity contract for commercial counter-unmanned aerial systems and counter small-unmanned aerial systems capabilities. Bids were solicited via the internet with 50 received. Work locations and funding will be determined with each order, with an estimated completion date of Sept. 27, 2029. Army Contracting Command, Detroit Arsenal, Michigan, is the contracting activity (W912CH-26-D&lt;/small&gt;</description>
            <styleUrl>#219</styleUrl>
            <Point id="217">
                <coordinates>-77.3859479,38.9695316,0.0</coordinates>
            </Point>
        </Placemark>
        <Placemark id="223">
            <name>The Boeing Co. — $137,810,130</name>
            <description>&lt;b&gt;The Boeing Co.&lt;/b&gt;&lt;br/&gt;&lt;b&gt;Amount:&lt;/b&gt; $137,810,130&lt;br/&gt;&lt;b&gt;Contract:&lt;/b&gt; FA8526-26-F-B021&lt;br/&gt;&lt;b&gt;Branch:&lt;/b&gt; AIR FORCE&lt;br/&gt;&lt;b&gt;Completion:&lt;/b&gt; May 30, 2030&lt;br/&gt;&lt;hr/&gt;&lt;small&gt;The Boeing Co., Long Beach, California, has been awarded a $13,781,0130 cost-plus-fixed-fee, firm-fixed-price contract for cargo ramp lock actuators This contract provides for CRLAs for the C-17 fleet. Work will be performed in Long Beach, California, and is expected to be completed by May 30, 2030. This contract involves Foreign Military Sales (FMS) to Qatar, India, Kuwait, Canada, NATO Airlift Management Program, Australia, United Kingdom, and United Arab Emirates. This contract was a sole sou&lt;/small&gt;</description>
            <styleUrl>#224</styleUrl>
            <Point id="222">
                <coordinates>-118.191604,33.7690164,0.0</coordinates>
            </Point>
        </Placemark>
        <Placemark id="228">
            <name>BAE Systems Land &amp; Armaments L.P. — $137,658,562</name>
            <description>&lt;b&gt;BAE Systems Land &amp;amp; Armaments L.P.&lt;/b&gt;&lt;br/&gt;&lt;b&gt;Amount:&lt;/b&gt; $137,658,562&lt;br/&gt;&lt;b&gt;Contract:&lt;/b&gt; N0016726D1003&lt;br/&gt;&lt;b&gt;Branch:&lt;/b&gt; NAVY&lt;br/&gt;&lt;b&gt;Completion:&lt;/b&gt; September 2032&lt;br/&gt;&lt;hr/&gt;&lt;small&gt;BAE Systems Land &amp;amp; Armaments L.P., Minneapolis, Minnesota, is awarded a $137,658,562 firm-fixed-price, fixed-price with economic-price-adjustment, cost-plus-fixed-fee completion and term, and cost no fee definite quantity contract for Virginia-class submarine propulsors. Additionally, this acquisition provides material required to manufacture propulsor subassemblies, associated engineering services, sparing and other manufacturing and support services. Work will be performed in Louisville, Kentu&lt;/small&gt;</description>
            <styleUrl>#229</styleUrl>
            <Point id="227">
                <coordinates>-85.759407,38.2542376,0.0</coordinates>
            </Point>
        </Placemark>
        <Placemark id="233">
            <name>BAE Systems Land &amp; Armaments L.P. — $137,658,562</name>
            <description>&lt;b&gt;BAE Systems Land &amp;amp; Armaments L.P.&lt;/b&gt;&lt;br/&gt;&lt;b&gt;Amount:&lt;/b&gt; $137,658,562&lt;br/&gt;&lt;b&gt;Contract:&lt;/b&gt; N0016726D1003&lt;br/&gt;&lt;b&gt;Branch:&lt;/b&gt; NAVY&lt;br/&gt;&lt;b&gt;Completion:&lt;/b&gt; September 2032&lt;br/&gt;&lt;hr/&gt;&lt;small&gt;BAE Systems Land &amp;amp; Armaments L.P., Minneapolis, Minnesota, is awarded a $137,658,562 firm-fixed-price, fixed-price with economic-price-adjustment, cost-plus-fixed-fee completion and term, and cost no fee definite quantity contract for Virginia-class submarine propulsors. Additionally, this acquisition provides material required to manufacture propulsor subassemblies, associated engineering services, sparing and other manufacturing and support services. Work will be performed in Louisville, Kentu&lt;/small&gt;</description>
            <styleUrl>#234</styleUrl>
            <Point id="232">
                <coordinates>-85.759407,38.2542376,0.0</coordinates>
            </Point>
        </Placemark>
        <Placemark id="238">
            <name>Boston Scientific Corp. — $135,683,214</name>
            <description>&lt;b&gt;Boston Scientific Corp.&lt;/b&gt;&lt;br/&gt;&lt;b&gt;Amount:&lt;/b&gt; $135,683,214&lt;br/&gt;&lt;b&gt;Contract:&lt;/b&gt; SPE2DE-26-D-0020&lt;br/&gt;&lt;b&gt;Branch:&lt;/b&gt; DEFENSE LOGISTICS AGENCY&lt;br/&gt;&lt;b&gt;Completion:&lt;/b&gt; &lt;br/&gt;&lt;hr/&gt;&lt;small&gt;Boston Scientific Corp., Marlborough, Massachusetts, has been awarded a maximum $135,683,214 firm-fixed-price with economic-price-adjustment, indefinite-delivery/indefinite-quantity contract for cardiovascular procedural packages and ancillary items. This was a sole-source acquisition using justification 10 U.S. Code 3204 (a)(1), as stated in Federal Acquisition Regulation 6.302-1. This is a five-year contract with no option periods. The ordering period end date is Sept. 29, 2031. Using military&lt;/small&gt;</description>
            <styleUrl>#239</styleUrl>
            <Point id="237">
                <coordinates>-71.5525188,42.3468589,0.0</coordinates>
            </Point>
        </Placemark>
        <Placemark id="243">
            <name>Northrop Grumman Systems Corp. — $123,781,000</name>
            <description>&lt;b&gt;Northrop Grumman Systems Corp.&lt;/b&gt;&lt;br/&gt;&lt;b&gt;Amount:&lt;/b&gt; $123,781,000&lt;br/&gt;&lt;b&gt;Contract:&lt;/b&gt; N0001926C1022&lt;br/&gt;&lt;b&gt;Branch:&lt;/b&gt; NAVY&lt;br/&gt;&lt;b&gt;Completion:&lt;/b&gt; February 2031&lt;br/&gt;&lt;hr/&gt;&lt;small&gt;Northrop Grumman Systems Corp., Linthicum Heights, Maryland, is awarded a not-to-exceed $123,781,000 fixed-price incentive (firm-target) contract for the procurement of F-35 APG-85 Lot 7 long-lead materials, parts, components, and associated efforts necessary to support the delivery schedule for sixty-seven production radars for the Air Force, Marine Corps, and Navy. Work will be performed in Linthicum Heights, Maryland, and is expected to be completed in February 2031. Fiscal 2026 aircraft proc&lt;/small&gt;</description>
            <styleUrl>#244</styleUrl>
            <Point id="242">
                <coordinates>-76.6597094,39.2039094,0.0</coordinates>
            </Point>
        </Placemark>
        <Placemark id="248">
            <name>Gil Sewing Corp. — $123,651,595</name>
            <description>&lt;b&gt;Gil Sewing Corp.&lt;/b&gt;&lt;br/&gt;&lt;b&gt;Amount:&lt;/b&gt; $123,651,595&lt;br/&gt;&lt;b&gt;Contract:&lt;/b&gt; SPE1C1-26-D-0080&lt;br/&gt;&lt;b&gt;Branch:&lt;/b&gt; DEFENSE LOGISTICS AGENCY&lt;br/&gt;&lt;b&gt;Completion:&lt;/b&gt; &lt;br/&gt;&lt;hr/&gt;&lt;small&gt;Gil Sewing Corp.,* Morton Grove, Illinois, has been awarded a maximum $123,651,595 firm-fixed-price, indefinite-delivery/indefinite-quantity contract for Army Green Service Uniform men’s and women’s dress coats. This was a competitive procurement with three responses received. This is a five-year contract with no option periods. The ordering period end date is Sept. 23, 2031. Using military service is Army. Type of appropriation is fiscal 2026 through 2031 defense working capital funds. The cont&lt;/small&gt;</description>
            <styleUrl>#249</styleUrl>
            <Point id="247">
                <coordinates>-87.7825696,42.0405857,0.0</coordinates>
            </Point>
        </Placemark>
        <Placemark id="253">
            <name>Huntington Ingalls Industries Unmanned Systems — $123,365,000</name>
            <description>&lt;b&gt;Huntington Ingalls Industries Unmanned Systems&lt;/b&gt;&lt;br/&gt;&lt;b&gt;Amount:&lt;/b&gt; $123,365,000&lt;br/&gt;&lt;b&gt;Contract:&lt;/b&gt; N00024-23-C-6308&lt;br/&gt;&lt;b&gt;Branch:&lt;/b&gt; NAVY&lt;br/&gt;&lt;b&gt;Completion:&lt;/b&gt; December 2027&lt;br/&gt;&lt;hr/&gt;&lt;small&gt;Huntington Ingalls Industries Unmanned Systems, Pocasset, Massachusetts, was awarded a $123,365,000 firm-fixed-price modification to previously awarded contract N00024-23-C-6308 to exercise options for Lionfish Small Unmanned Undersea Vehicle production, support equipment, and ancillary equipment. Work will be performed in Pocasset, Massachusetts (99%); and Hampton, Virginia (1%), and is expected to be completed by December 2027. Fiscal 2025 other procurement (Navy) in the amount of $114,538,912&lt;/small&gt;</description>
            <styleUrl>#254</styleUrl>
            <Point id="252">
                <coordinates>-70.616142,41.6862174,0.0</coordinates>
            </Point>
        </Placemark>
        <Placemark id="258">
            <name>Huntington Ingalls Industries Unmanned Systems — $123,365,000</name>
            <description>&lt;b&gt;Huntington Ingalls Industries Unmanned Systems&lt;/b&gt;&lt;br/&gt;&lt;b&gt;Amount:&lt;/b&gt; $123,365,000&lt;br/&gt;&lt;b&gt;Contract:&lt;/b&gt; N00024-23-C-6308&lt;br/&gt;&lt;b&gt;Branch:&lt;/b&gt; NAVY&lt;br/&gt;&lt;b&gt;Completion:&lt;/b&gt; December 2027&lt;br/&gt;&lt;hr/&gt;&lt;small&gt;Huntington Ingalls Industries Unmanned Systems, Pocasset, Massachusetts, was awarded a $123,365,000 firm-fixed-price modification to previously awarded contract N00024-23-C-6308 to exercise options for Lionfish Small Unmanned Undersea Vehicle production, support equipment, and ancillary equipment. Work will be performed in Pocasset, Massachusetts (99%); and Hampton, Virginia (1%), and is expected to be completed by December 2027. Fiscal 2025 other procurement (Navy) in the amount of $114,538,912&lt;/small&gt;</description>
            <styleUrl>#259</styleUrl>
            <Point id="257">
                <coordinates>-70.616142,41.6862174,0.0</coordinates>
            </Point>
        </Placemark>
        <Placemark id="263">
            <name>Stark Aerospace Inc. — $114,006,160</name>
            <description>&lt;b&gt;Stark Aerospace Inc.&lt;/b&gt;&lt;br/&gt;&lt;b&gt;Amount:&lt;/b&gt; $114,006,160&lt;br/&gt;&lt;b&gt;Contract:&lt;/b&gt; N00024-25-C-5314&lt;br/&gt;&lt;b&gt;Branch:&lt;/b&gt; NAVY&lt;br/&gt;&lt;b&gt;Completion:&lt;/b&gt; February 2030&lt;br/&gt;&lt;hr/&gt;&lt;small&gt;Stark Aerospace Inc., Columbus, Mississippi, is awarded a $114,006,160 firm-fixed-price modification to previously awarded contract (N00024-25-C-5314) to exercise options for MK 41 Vertical Launching System MK 25 Mod 1 canister requirements. Work will be performed in Columbus, Mississippi (54%), Clackamas, Oregon (21%), Johnstown, Pennsylvania (21%), and Fairfield, New Jersey (4%), and is expected to be completed by February 2030. Fiscal 2026 weapons procurement (Navy) funds in the amount of $55&lt;/small&gt;</description>
            <styleUrl>#264</styleUrl>
            <Point id="262">
                <coordinates>-88.4272627,33.4956744,0.0</coordinates>
            </Point>
        </Placemark>
        <Placemark id="268">
            <name>Northrop Grumman Systems Corp. — $111,366,000</name>
            <description>&lt;b&gt;Northrop Grumman Systems Corp.&lt;/b&gt;&lt;br/&gt;&lt;b&gt;Amount:&lt;/b&gt; $111,366,000&lt;br/&gt;&lt;b&gt;Contract:&lt;/b&gt; FA8219-20-C-0006&lt;br/&gt;&lt;b&gt;Branch:&lt;/b&gt; AIR FORCE&lt;br/&gt;&lt;b&gt;Completion:&lt;/b&gt; &lt;br/&gt;&lt;hr/&gt;&lt;small&gt;Northrop Grumman Systems Corp., Roy, Utah, has been awarded a $111,366,000 firm fixed price and cost- plus-fixed-fee modification (P00067) to previously awarded (FA8219-20-C-0006) for Ground Based Strategic Deterrent Engineering and Manufacturing Development and Early Production and Deployment. The modification brings the total cumulative face value of the contract to $13,473,182,364 from 13,361,816,364. Work will be performed in Warren, New Jersey and Kernersville, North Carolina, and is expect&lt;/small&gt;</description>
            <styleUrl>#269</styleUrl>
            <Point id="267">
                <coordinates>-79.0392919,35.6729639,0.0</coordinates>
            </Point>
        </Placemark>
        <Placemark id="273">
            <name>Raytheon Co. — $105,646,856</name>
            <description>&lt;b&gt;Raytheon Co.&lt;/b&gt;&lt;br/&gt;&lt;b&gt;Amount:&lt;/b&gt; $105,646,856&lt;br/&gt;&lt;b&gt;Contract:&lt;/b&gt; FA8556-25-C-B001&lt;br/&gt;&lt;b&gt;Branch:&lt;/b&gt; AIR FORCE&lt;br/&gt;&lt;b&gt;Completion:&lt;/b&gt; Aug. 31, 2027&lt;br/&gt;&lt;hr/&gt;&lt;small&gt;Raytheon Co., Tucson, Arizona, has been awarded a $105,646,856 firm-fixed-price modification (PZ0004) to previously awarded (FA8556-25-C-B001) for Advance Medium Range Air-to-Air Missiles parts purchases. Work will be performed in Tucson, Arizona and is expected to be completed by Aug. 31, 2027. This contract involves military sales to Argentina, Australia, Belgium, Bulgaria, Canada, Czech Republic, Denmark, Finland, Germany, Hungary, Isreal, Italy, Japan, Kuwait, Lithuania, Morocco, Netherland,&lt;/small&gt;</description>
            <styleUrl>#274</styleUrl>
            <Point id="272">
                <coordinates>-110.974847,32.2228765,0.0</coordinates>
            </Point>
        </Placemark>
        <Placemark id="278">
            <name>General Dynamics Electric Boat — $99,291,152</name>
            <description>&lt;b&gt;General Dynamics Electric Boat&lt;/b&gt;&lt;br/&gt;&lt;b&gt;Amount:&lt;/b&gt; $99,291,152&lt;br/&gt;&lt;b&gt;Contract:&lt;/b&gt; N00024-22-G-4304&lt;br/&gt;&lt;b&gt;Branch:&lt;/b&gt; NAVY&lt;br/&gt;&lt;b&gt;Completion:&lt;/b&gt; March 2029&lt;br/&gt;&lt;hr/&gt;&lt;small&gt;General Dynamics Electric Boat, Groton, Connecticut, was awarded a not-to-exceed $99,291,152 cost-plus-fixed-fee undefinitized order against a previously issued basic ordering agreement (N00024-22-G-4304) to provide unique parts and specialized material, including initial spares, for Virginia Class submarines. Work will be performed in Groton, Connecticut, and is expected to be completed by March 2029. Fiscal 2025 other procurement, (Navy) funds in the amount of $99,291,152 was obligated at time&lt;/small&gt;</description>
            <styleUrl>#279</styleUrl>
            <Point id="277">
                <coordinates>-72.0388786,41.34655,0.0</coordinates>
            </Point>
        </Placemark>
        <Placemark id="283">
            <name>Immersive Wisdom Inc. — $99,000,000</name>
            <description>&lt;b&gt;Immersive Wisdom Inc.&lt;/b&gt;&lt;br/&gt;&lt;b&gt;Amount:&lt;/b&gt; $99,000,000&lt;br/&gt;&lt;b&gt;Contract:&lt;/b&gt; W9128Z-26-D-A022&lt;br/&gt;&lt;b&gt;Branch:&lt;/b&gt; ARMY&lt;br/&gt;&lt;b&gt;Completion:&lt;/b&gt; &lt;br/&gt;&lt;hr/&gt;&lt;small&gt;Immersive Wisdom Inc.,* Boca Raton, Florida, was awarded a $99,000,000 firm-fixed-price, indefinite-delivery/indefinite-quantity contract for commercial technology offerings. Bids were solicited via the internet with nine received. Work locations and funding will be determined with each order, with an estimated completion date of Sept. 30, 2031. Army Contracting Command, Aberdeen Proving Ground, Maryland, is the contracting activity (W9128Z-26-D-A022).&lt;/small&gt;</description>
            <styleUrl>#284</styleUrl>
            <Point id="282">
                <coordinates>-80.0830984,26.3586885,0.0</coordinates>
            </Point>
        </Placemark>
        <Placemark id="288">
            <name>Immersive Wisdom Inc. — $99,000,000</name>
            <description>&lt;b&gt;Immersive Wisdom Inc.&lt;/b&gt;&lt;br/&gt;&lt;b&gt;Amount:&lt;/b&gt; $99,000,000&lt;br/&gt;&lt;b&gt;Contract:&lt;/b&gt; W9128Z-26-D-A022&lt;br/&gt;&lt;b&gt;Branch:&lt;/b&gt; ARMY&lt;br/&gt;&lt;b&gt;Completion:&lt;/b&gt; &lt;br/&gt;&lt;hr/&gt;&lt;small&gt;Immersive Wisdom Inc.,* Boca Raton, Florida, was awarded a $99,000,000 firm-fixed-price, indefinite-delivery/indefinite-quantity contract for commercial technology offerings. Bids were solicited via the internet with nine received. Work locations and funding will be determined with each order, with an estimated completion date of Sept. 30, 2031. Army Contracting Command, Aberdeen Proving Ground, Maryland, is the contracting activity (W9128Z-26-D-A022).&lt;/small&gt;</description>
            <styleUrl>#289</styleUrl>
            <Point id="287">
                <coordinates>-80.0830984,26.3586885,0.0</coordinates>
            </Point>
        </Placemark>
        <Placemark id="293">
            <name>Lockheed Martin Corp. — $97,637,145</name>
            <description>&lt;b&gt;Lockheed Martin Corp.&lt;/b&gt;&lt;br/&gt;&lt;b&gt;Amount:&lt;/b&gt; $97,637,145&lt;br/&gt;&lt;b&gt;Contract:&lt;/b&gt; W31P4Q-26-C-A003&lt;br/&gt;&lt;b&gt;Branch:&lt;/b&gt; ARMY&lt;br/&gt;&lt;b&gt;Completion:&lt;/b&gt; &lt;br/&gt;&lt;hr/&gt;&lt;small&gt;Lockheed Martin Corp., Grand Prairie, Texas, was awarded a $97,637,145 cost-plus-fixed-fee, firm-fixed-price, undefinitized contract for the Multiple Launch Rocket System recapitalization. One bid was solicited with one received. Work will be performed in Camden, Arkansas; and Grand Prairie, and New Boston, Texas, with an estimated completion date of Sept. 4, 2031. Fiscal 2025 missile procurement, Army funds in the amount of $97,637,145 were obligated at the time of the award. Army Contracting C&lt;/small&gt;</description>
            <styleUrl>#294</styleUrl>
            <Point id="292">
                <coordinates>-92.8343294,33.5845582,0.0</coordinates>
            </Point>
        </Placemark>
        <Placemark id="298">
            <name>Northrop Grumman Systems Corp. — $97,004,665</name>
            <description>&lt;b&gt;Northrop Grumman Systems Corp.&lt;/b&gt;&lt;br/&gt;&lt;b&gt;Amount:&lt;/b&gt; $97,004,665&lt;br/&gt;&lt;b&gt;Contract:&lt;/b&gt; N0001924D0104&lt;br/&gt;&lt;b&gt;Branch:&lt;/b&gt; NAVY&lt;br/&gt;&lt;b&gt;Completion:&lt;/b&gt; September 2030&lt;br/&gt;&lt;hr/&gt;&lt;small&gt;Northrop Grumman Systems Corp., Keyser, West Virginia, is awarded a $97,004,665 modification (P00005) to previously awarded firm-fixed-price indefinite-delivery/indefinite-quantity contract (N0001924D0104). This modification increases the contract ceiling from $365,441,776 to $462,446,441 to support production requirements for the Fuze, Munition Unit (FMU)-139D/B Fuze System, accessory kits, trainer fuzes, power cables, closure rings, ancillary hardware, and fuzing units for the Navy, Air Force,&lt;/small&gt;</description>
            <styleUrl>#299</styleUrl>
            <Point id="297">
                <coordinates>-78.8263172,39.553238,0.0</coordinates>
            </Point>
        </Placemark>
        <Placemark id="303">
            <name>L3 Harris Technologies Inc. — $96,905,068</name>
            <description>&lt;b&gt;L3 Harris Technologies Inc.&lt;/b&gt;&lt;br/&gt;&lt;b&gt;Amount:&lt;/b&gt; $96,905,068&lt;br/&gt;&lt;b&gt;Contract:&lt;/b&gt; M67854-26-D-2001&lt;br/&gt;&lt;b&gt;Branch:&lt;/b&gt; NAVY&lt;br/&gt;&lt;b&gt;Completion:&lt;/b&gt; September 2031&lt;br/&gt;&lt;hr/&gt;&lt;small&gt;L3 Harris Technologies Inc., Rochester, New York, is awarded a $96,905,068 firm-fixed-price, indefinite-delivery/indefinite-quantity contract in support of Marine Corps Wideband Satellite-Expeditionary (MCWS-X). This contract provides for procurement of MCWS-X systems spares and associated services. Work will be performed in Rochester, New York, and is expected to be completed by September 2031. The maximum dollar value is $96,905,068. Funds will be obligated on individual task and delivery orde&lt;/small&gt;</description>
            <styleUrl>#304</styleUrl>
            <Point id="302">
                <coordinates>-77.615214,43.157285,0.0</coordinates>
            </Point>
        </Placemark>
        <Placemark id="308">
            <name>C.E. Niehoff &amp; Co. — $94,987,708</name>
            <description>&lt;b&gt;C.E. Niehoff &amp;amp; Co.&lt;/b&gt;&lt;br/&gt;&lt;b&gt;Amount:&lt;/b&gt; $94,987,708&lt;br/&gt;&lt;b&gt;Contract:&lt;/b&gt; SPRDL1-26-D-A001&lt;br/&gt;&lt;b&gt;Branch:&lt;/b&gt; DEFENSE LOGISTICS AGENCY&lt;br/&gt;&lt;b&gt;Completion:&lt;/b&gt; &lt;br/&gt;&lt;hr/&gt;&lt;small&gt;C.E. Niehoff &amp;amp; Co., Evanston, Illinois, has been awarded an estimated $94,987,708 firm-fixed-price, indefinite-delivery/indefinite-quantity contract for High Mobility Multipurpose Wheeled Vehicle engine accessory generators. This was a sole-source acquisition using justification 10 U.S. Code 3204 (a)(1), as stated in Federal Acquisition Regulation 6.302-1. This is a five-year contract with no option periods. The ordering period end date is Sept. 23, 2031. Using military service is Army. Type of &lt;/small&gt;</description>
            <styleUrl>#309</styleUrl>
            <Point id="307">
                <coordinates>-87.6846053,42.0470043,0.0</coordinates>
            </Point>
        </Placemark>
        <Placemark id="313">
            <name>BAE Systems Land &amp; Armaments — $90,000,000</name>
            <description>&lt;b&gt;BAE Systems Land &amp;amp; Armaments&lt;/b&gt;&lt;br/&gt;&lt;b&gt;Amount:&lt;/b&gt; $90,000,000&lt;br/&gt;&lt;b&gt;Contract:&lt;/b&gt; N0017426-D-1023&lt;br/&gt;&lt;b&gt;Branch:&lt;/b&gt; NAVY&lt;br/&gt;&lt;b&gt;Completion:&lt;/b&gt; September 2037&lt;br/&gt;&lt;hr/&gt;&lt;small&gt;BAE Systems Land &amp;amp; Armaments, Minneapolis, Minnesota, is awarded a $90,000,000, firm-fixed-price, indefinite-delivery/indefinite-quantity contract for the manufacture, assembly, testing, and delivery of 57mm MK 295 MOD 0 High Explosive Pre-Fragmented, Programmable, Proximity Fuzed (HE-3P) Cartridge. Work will be performed in Karlskoga, Sweden (57%); Maple Grove, Minnesota (40%); Perry, Florida (1%); Camden, Arkansas (1%); and Winchester, Kentucky (1%). Deliveries are expected to be completed by &lt;/small&gt;</description>
            <styleUrl>#314</styleUrl>
            <Point id="312">
                <coordinates>14.5176911,59.3291667,0.0</coordinates>
            </Point>
        </Placemark>
        <Placemark id="318">
            <name>620 Pelham Inc. — $87,699,684</name>
            <description>&lt;b&gt;620 Pelham Inc.&lt;/b&gt;&lt;br/&gt;&lt;b&gt;Amount:&lt;/b&gt; $87,699,684&lt;br/&gt;&lt;b&gt;Contract:&lt;/b&gt; SPE1C1-26-D-0088&lt;br/&gt;&lt;b&gt;Branch:&lt;/b&gt; DEFENSE LOGISTICS AGENCY&lt;br/&gt;&lt;b&gt;Completion:&lt;/b&gt; &lt;br/&gt;&lt;hr/&gt;&lt;small&gt;620 Pelham Inc.,* Smithville, Tennessee, has been awarded a maximum $87,699,684 firm-fixed-price, indefinite-delivery/indefinite-quantity contract for the Army Green Service Uniform men’s trousers and Military D.C. men’s trousers. This was a competitive procurement with four responses received. This is a five-year contract with no option periods. The ordering period end date is Sept. 23, 2031. Using military service is Army. Type of appropriation is fiscal 2026 through 2031 defense working capit&lt;/small&gt;</description>
            <styleUrl>#319</styleUrl>
            <Point id="317">
                <coordinates>-85.8141516,35.9606186,0.0</coordinates>
            </Point>
        </Placemark>
        <Placemark id="323">
            <name>Northrop Grumman Systems Corp. — $87,417,804</name>
            <description>&lt;b&gt;Northrop Grumman Systems Corp.&lt;/b&gt;&lt;br/&gt;&lt;b&gt;Amount:&lt;/b&gt; $87,417,804&lt;br/&gt;&lt;b&gt;Contract:&lt;/b&gt; FA8615-17-C-6047&lt;br/&gt;&lt;b&gt;Branch:&lt;/b&gt; AIR FORCE&lt;br/&gt;&lt;b&gt;Completion:&lt;/b&gt; Dec. 31, 2029&lt;br/&gt;&lt;hr/&gt;&lt;small&gt;Northrop Grumman Systems Corp., Rolling Meadows, Illinois, has been awarded an $87,417,804 modification (P00188) to previously awarded (FA8615-17-C-6047) for the Integrated Viper Electronic Warfare Suite Electronic Warfare Radio Frequency Compatibility Program Low-rate Initial Production effort. The modification brings the total cumulative face value of the contract to $1,921,299,231 from $1,833,881,427. Work will be performed at Rolling Meadows, Illinois, and is expected to be completed by Dec.&lt;/small&gt;</description>
            <styleUrl>#324</styleUrl>
            <Point id="322">
                <coordinates>-88.0131275,42.0841936,0.0</coordinates>
            </Point>
        </Placemark>
        <Placemark id="328">
            <name>General Dynamics Electric Boat — $79,494,983</name>
            <description>&lt;b&gt;General Dynamics Electric Boat&lt;/b&gt;&lt;br/&gt;&lt;b&gt;Amount:&lt;/b&gt; $79,494,983&lt;br/&gt;&lt;b&gt;Contract:&lt;/b&gt; N00024-22-G-4304&lt;br/&gt;&lt;b&gt;Branch:&lt;/b&gt; NAVY&lt;br/&gt;&lt;b&gt;Completion:&lt;/b&gt; March 2029&lt;br/&gt;&lt;hr/&gt;&lt;small&gt;General Dynamics Electric Boat, Groton, Connecticut, was awarded a not-to-exceed $79,494,983 cost-plus-fixed-fee undefinitized order against previously issued basic ordering agreement (N00024-22-G-4304) to provide unique parts and specialized material, including initial spares, for Virginia-Class submarines. Work will be performed in Groton, Connecticut, and is expected to be completed by March 2029. Fiscal 2024 other procurement, (Navy) funds in the amount of $79,494,983 were obligated at time &lt;/small&gt;</description>
            <styleUrl>#329</styleUrl>
            <Point id="327">
                <coordinates>-72.0388786,41.34655,0.0</coordinates>
            </Point>
        </Placemark>
        <Placemark id="333">
            <name>Collins Engine Nozzles Inc. — $77,967,014</name>
            <description>&lt;b&gt;Collins Engine Nozzles Inc.&lt;/b&gt;&lt;br/&gt;&lt;b&gt;Amount:&lt;/b&gt; $77,967,014&lt;br/&gt;&lt;b&gt;Contract:&lt;/b&gt; SPRTA1-26-C-0092&lt;br/&gt;&lt;b&gt;Branch:&lt;/b&gt; DEFENSE LOGISTICS AGENCY&lt;br/&gt;&lt;b&gt;Completion:&lt;/b&gt; &lt;br/&gt;&lt;hr/&gt;&lt;small&gt;Collins Engine Nozzles Inc., West Des Moines, Iowa, has been awarded an estimated $77,967,014 firm-fixed-price, one-time buy contract for J-85 fuel injection nozzle manufacture. This was a sole-source acquisition using justification 10 U.S. Code 3204 (a)(1), as stated in Federal Acquisition Regulation 6.302-1. The performance completion date is Jan. 31, 2032. Using military service is Air Force. Type of appropriation is fiscal 2026 defense working capital funds. The contracting activity is Defen&lt;/small&gt;</description>
            <styleUrl>#334</styleUrl>
            <Point id="332">
                <coordinates>-93.7594059,41.5644476,0.0</coordinates>
            </Point>
        </Placemark>
        <Placemark id="338">
            <name>Lockheed Martin Rotary and Mission Systems — $72,219,389</name>
            <description>&lt;b&gt;Lockheed Martin Rotary and Mission Systems&lt;/b&gt;&lt;br/&gt;&lt;b&gt;Amount:&lt;/b&gt; $72,219,389&lt;br/&gt;&lt;b&gt;Contract:&lt;/b&gt; N00024-26-F-5105&lt;br/&gt;&lt;b&gt;Branch:&lt;/b&gt; NAVY&lt;br/&gt;&lt;b&gt;Completion:&lt;/b&gt; March 2030&lt;br/&gt;&lt;hr/&gt;&lt;small&gt;Lockheed Martin Rotary and Mission Systems, Moorestown, New Jersey, is awarded a $72,219,389 fixed-price, incentive-fee undefinitized contract action under previously awarded Basic Ordering Agreement N00024-21-G-5102 for AEGIS Linear Processing System technology refresh for Navy guided-missile destroyers. Work will be performed in Moorestown, New Jersey (95%); and Clearwater, Florida (5%), and is expected to be completed by March 2030. Fiscal 2026 other procurement (Navy) funds in the amount of &lt;/small&gt;</description>
            <styleUrl>#339</styleUrl>
            <Point id="337">
                <coordinates>-74.9426677,39.9670569,0.0</coordinates>
            </Point>
        </Placemark>
        <Placemark id="343">
            <name>Collins Engine Nozzles Inc. — $70,290,396</name>
            <description>&lt;b&gt;Collins Engine Nozzles Inc.&lt;/b&gt;&lt;br/&gt;&lt;b&gt;Amount:&lt;/b&gt; $70,290,396&lt;br/&gt;&lt;b&gt;Contract:&lt;/b&gt; SPRTA1-26-D-0008&lt;br/&gt;&lt;b&gt;Branch:&lt;/b&gt; DEFENSE LOGISTICS AGENCY&lt;br/&gt;&lt;b&gt;Completion:&lt;/b&gt; &lt;br/&gt;&lt;hr/&gt;&lt;small&gt;Collins Engine Nozzles Inc., West Des Moines, Iowa, has been awarded a maximum $70,290,396 firm-fixed-price, indefinite-delivery/indefinite-quantity contract for J-85 engine main spray bars. This was a sole-source acquisition using justification 10 U.S. Code 3204 (c)(1), as stated in Federal Acquisition Regulation 6.302-1. This is a three-year contract with no option periods. The ordering period end date is Sept. 14, 2029. Using military service is Air Force. Type of appropriation is fiscal 2026&lt;/small&gt;</description>
            <styleUrl>#344</styleUrl>
            <Point id="342">
                <coordinates>-93.7594059,41.5644476,0.0</coordinates>
            </Point>
        </Placemark>
        <Placemark id="348">
            <name>US Foods Salem — $67,625,878</name>
            <description>&lt;b&gt;US Foods Salem&lt;/b&gt;&lt;br/&gt;&lt;b&gt;Amount:&lt;/b&gt; $67,625,878&lt;br/&gt;&lt;b&gt;Contract:&lt;/b&gt; &lt;br/&gt;&lt;b&gt;Branch:&lt;/b&gt; DEFENSE LOGISTICS AGENCY&lt;br/&gt;&lt;b&gt;Completion:&lt;/b&gt; &lt;br/&gt;&lt;hr/&gt;&lt;small&gt;US Foods Salem, Salem, Missouri, has been awarded a maximum $67,625,878 modification (P00005) to a five-year contract (SPE300-21-D-3317) with a 364-day carryover for full-line food and beverage items. This is a firm-fixed-price with economic-price-adjustment, indefinite-delivery/indefinite quantity contract. The ordering period end date is Sept. 18, 2027. Using military services are Air Force and Army. Type of appropriation is fiscal 2026 through 2027 defense working capital funds. The contracti&lt;/small&gt;</description>
            <styleUrl>#349</styleUrl>
            <Point id="347">
                <coordinates>-91.5359808,37.6455993,0.0</coordinates>
            </Point>
        </Placemark>
        <Placemark id="353">
            <name>Affigent LLC — $65,004,949</name>
            <description>&lt;b&gt;Affigent LLC&lt;/b&gt;&lt;br/&gt;&lt;b&gt;Amount:&lt;/b&gt; $65,004,949&lt;br/&gt;&lt;b&gt;Contract:&lt;/b&gt; M67854-26-F-0154&lt;br/&gt;&lt;b&gt;Branch:&lt;/b&gt; NAVY&lt;br/&gt;&lt;b&gt;Completion:&lt;/b&gt; &lt;br/&gt;&lt;hr/&gt;&lt;small&gt;Affigent LLC, Herndon, Virginia, was awarded a $65,004,949 firm-fixed-price contract for Operational Command Post – Light hardware and licenses. This contract provides modular, expeditionary information technology infrastructure to Fleet Marine Forces. This scalable architecture enables the hosting and rapid deployment of secure, enterprise-grade services at the tactical edge within disconnected, intermittent, and limited environments. Work will be performed at Herndon, Virginia, with an expecte&lt;/small&gt;</description>
            <styleUrl>#354</styleUrl>
            <Point id="352">
                <coordinates>-77.3859479,38.9695316,0.0</coordinates>
            </Point>
        </Placemark>
        <Placemark id="358">
            <name>Massa Products Corp. — $61,819,998</name>
            <description>&lt;b&gt;Massa Products Corp.&lt;/b&gt;&lt;br/&gt;&lt;b&gt;Amount:&lt;/b&gt; $61,819,998&lt;br/&gt;&lt;b&gt;Contract:&lt;/b&gt; N66604-26-D-X600&lt;br/&gt;&lt;b&gt;Branch:&lt;/b&gt; NAVY&lt;br/&gt;&lt;b&gt;Completion:&lt;/b&gt; September 2031&lt;br/&gt;&lt;hr/&gt;&lt;small&gt;Massa Products Corp.,* Hingham, Massachusetts, is awarded a $61,819,998 firm-fixed-price, indefinite-delivery/indefinite-quantity contract for the design, manufacture, test, package and delivery of DT-574 Hydrophones. This contract includes an ordering period of five years. Work will be performed in Hingham, Massachusetts, and is expected to be completed by September 2031. Fiscal 2026 national sea-based deterrence funds in the amount of $1,066,993 will be obligated on the first delivery order im&lt;/small&gt;</description>
            <styleUrl>#359</styleUrl>
            <Point id="357">
                <coordinates>-70.8897676,42.2417669,0.0</coordinates>
            </Point>
        </Placemark>
        <Placemark id="363">
            <name>General Dynamics Electric Boat Corp. — $60,671,557</name>
            <description>&lt;b&gt;General Dynamics Electric Boat Corp.&lt;/b&gt;&lt;br/&gt;&lt;b&gt;Amount:&lt;/b&gt; $60,671,557&lt;br/&gt;&lt;b&gt;Contract:&lt;/b&gt; N00024-22-G-4304&lt;br/&gt;&lt;b&gt;Branch:&lt;/b&gt; NAVY&lt;br/&gt;&lt;b&gt;Completion:&lt;/b&gt; March 2029&lt;br/&gt;&lt;hr/&gt;&lt;small&gt;General Dynamics Electric Boat Corp., Groton, Connecticut, was awarded a not-to-exceed $60,671,557 cost-plus-fixed-fee undefinitized order against a previously issued basic ordering agreement (N00024-22-G-4304) to provide unique parts and specialized material, including initial spares, for Virginia Class submarines. Work will be performed in Groton, Connecticut, and is expected to be completed by March 2029. Fiscal 2025 other procurement, (Navy) funds in the amount of $60,671,557 was obligated a&lt;/small&gt;</description>
            <styleUrl>#364</styleUrl>
            <Point id="362">
                <coordinates>-72.0388786,41.34655,0.0</coordinates>
            </Point>
        </Placemark>
        <Placemark id="368">
            <name>Raytheon — $57,837,147</name>
            <description>&lt;b&gt;Raytheon&lt;/b&gt;&lt;br/&gt;&lt;b&gt;Amount:&lt;/b&gt; $57,837,147&lt;br/&gt;&lt;b&gt;Contract:&lt;/b&gt; N00024-26-C-5404&lt;br/&gt;&lt;b&gt;Branch:&lt;/b&gt; NAVY&lt;br/&gt;&lt;b&gt;Completion:&lt;/b&gt; November 2030&lt;br/&gt;&lt;hr/&gt;&lt;small&gt;Raytheon, Tucson, Arizona, was awarded a $57,837,147 firm-fixed-price contract to procure Rolling Airframe Missile Mod 5 Guided Missile Launching System requirements and spares. This contract is for Fiscal 2026 Navy and Foreign Military Sales (FMS) production. Work will be performed in Louisville, Kentucky (41%); Ottobrunn, Germany (31%); Saint Petersburg, Florida (7%); Joplin, Missouri (3%); Tulsa, Oklahoma (2%); Dallas, Texas (2%); Commerce, California (2%); and various other U.S. locations (c&lt;/small&gt;</description>
            <styleUrl>#369</styleUrl>
            <Point id="367">
                <coordinates>-85.759407,38.2542376,0.0</coordinates>
            </Point>
        </Placemark>
        <Placemark id="373">
            <name>Raytheon — $57,837,147</name>
            <description>&lt;b&gt;Raytheon&lt;/b&gt;&lt;br/&gt;&lt;b&gt;Amount:&lt;/b&gt; $57,837,147&lt;br/&gt;&lt;b&gt;Contract:&lt;/b&gt; N00024-26-C-5404&lt;br/&gt;&lt;b&gt;Branch:&lt;/b&gt; NAVY&lt;br/&gt;&lt;b&gt;Completion:&lt;/b&gt; November 2030&lt;br/&gt;&lt;hr/&gt;&lt;small&gt;Raytheon, Tucson, Arizona, was awarded a $57,837,147 firm-fixed-price contract to procure Rolling Airframe Missile Mod 5 Guided Missile Launching System requirements and spares. This contract is for Fiscal 2026 Navy and Foreign Military Sales (FMS) production. Work will be performed in Louisville, Kentucky (41%); Ottobrunn, Germany (31%); Saint Petersburg, Florida (7%); Joplin, Missouri (3%); Tulsa, Oklahoma (2%); Dallas, Texas (2%); Commerce, California (2%); and various other U.S. locations (c&lt;/small&gt;</description>
            <styleUrl>#374</styleUrl>
            <Point id="372">
                <coordinates>-85.759407,38.2542376,0.0</coordinates>
            </Point>
        </Placemark>
        <Placemark id="378">
            <name>Dayton T. Brown Inc. — $55,838,189</name>
            <description>&lt;b&gt;Dayton T. Brown Inc.&lt;/b&gt;&lt;br/&gt;&lt;b&gt;Amount:&lt;/b&gt; $55,838,189&lt;br/&gt;&lt;b&gt;Contract:&lt;/b&gt; N0042124F0184&lt;br/&gt;&lt;b&gt;Branch:&lt;/b&gt; NAVY&lt;br/&gt;&lt;b&gt;Completion:&lt;/b&gt; March 2027&lt;br/&gt;&lt;hr/&gt;&lt;small&gt;Dayton T. Brown Inc., Bohemia, New York, is awarded a $55,838,189 modification (P00029) to an order (N0042124F0184) against basic ordering agreement (N0042123G0005). This modification establishes a new material contract line item within the existing scope of the order for the procurement of five P-8 Ground Systems and 21 Fly-Away Kits in support of the P-8A Poseidon Mobile Mission Systems (MMS) mission. The materials will support system and subsystem modifications, upgrades, integration, and cap&lt;/small&gt;</description>
            <styleUrl>#379</styleUrl>
            <Point id="377">
                <coordinates>-76.5600957,38.3380008,0.0</coordinates>
            </Point>
        </Placemark>
        <Placemark id="383">
            <name>Honeywell Aerospace Technologies — $53,866,460</name>
            <description>&lt;b&gt;Honeywell Aerospace Technologies&lt;/b&gt;&lt;br/&gt;&lt;b&gt;Amount:&lt;/b&gt; $53,866,460&lt;br/&gt;&lt;b&gt;Contract:&lt;/b&gt; N00104-26-D-AZ01&lt;br/&gt;&lt;b&gt;Branch:&lt;/b&gt; NAVY&lt;br/&gt;&lt;b&gt;Completion:&lt;/b&gt; &lt;br/&gt;&lt;hr/&gt;&lt;small&gt;Honeywell Aerospace Technologies, Minneapolis, Minnesota, is being awarded $53,866,460 for a firm-fixed-price contract for the procurement of up to 1125 components over five years representing three different parts used in ring laser gyros that are components of and support the WSN-7 inertial navigation system used on a variety of Navy submarines and surface ships. This is a five-year base contract with no option periods. All work will be performed in Minneapolis, Minnesota. No funds are being o&lt;/small&gt;</description>
            <styleUrl>#384</styleUrl>
            <Point id="382">
                <coordinates>-93.2654692,44.9772995,0.0</coordinates>
            </Point>
        </Placemark>
        <Placemark id="388">
            <name>L3Harris Fuzing and Ordnance Systems Inc. — $52,319,903</name>
            <description>&lt;b&gt;L3Harris Fuzing and Ordnance Systems Inc.&lt;/b&gt;&lt;br/&gt;&lt;b&gt;Amount:&lt;/b&gt; $52,319,903&lt;br/&gt;&lt;b&gt;Contract:&lt;/b&gt; N00174-26-C-1001&lt;br/&gt;&lt;b&gt;Branch:&lt;/b&gt; NAVY&lt;br/&gt;&lt;b&gt;Completion:&lt;/b&gt; November 2027&lt;br/&gt;&lt;hr/&gt;&lt;small&gt;L3Harris Fuzing and Ordnance Systems Inc., Cincinnati, Ohio, is awarded a $52,319,903 firm-fixed-price modification to previously-awarded contract N00174-26-C-1001 for proximity fuzes to upgrade the Advanced Precision Kill Weapon System. Work will be performed in Cincinnati, Ohio, and is expected to be completed by November 2027. Fiscal 2026 Defense-wide operations and maintenance funds in the amount of $44,801,033 (86%), fiscal 2025 Defense-wide operations and maintenance funds in the amount of&lt;/small&gt;</description>
            <styleUrl>#389</styleUrl>
            <Point id="387">
                <coordinates>-84.5127405,39.1012809,0.0</coordinates>
            </Point>
        </Placemark>
        <Placemark id="393">
            <name> — $52,116,731</name>
            <description>&lt;b&gt;&lt;/b&gt;&lt;br/&gt;&lt;b&gt;Amount:&lt;/b&gt; $52,116,731&lt;br/&gt;&lt;b&gt;Contract:&lt;/b&gt; N0001923C0003&lt;br/&gt;&lt;b&gt;Branch:&lt;/b&gt; NAVY&lt;br/&gt;&lt;b&gt;Completion:&lt;/b&gt; July 2028&lt;br/&gt;&lt;hr/&gt;&lt;small&gt;Lockheed Martin Corp., Lockheed Martin Aeronautics Co., Fort Worth, Texas, is awarded a $52,116,731 firm-fixed-price, fixed-price-incentive, cost-plus-fixed-fee modification (P00028) to a previously awarded contract (N0001923C0003). This modification adds scope to incorporate engineering changes into the F-35 Lot 18-19 Air Vehicle production, including improvements and production incorporation of new capabilities for various aircraft variants for the Air Force, Marine Corps, Navy, F-35 Cooperati&lt;/small&gt;</description>
            <styleUrl>#394</styleUrl>
            <Point id="392">
                <coordinates>-80.6366144,27.9946969,0.0</coordinates>
            </Point>
        </Placemark>
        <Placemark id="398">
            <name> — $52,116,731</name>
            <description>&lt;b&gt;&lt;/b&gt;&lt;br/&gt;&lt;b&gt;Amount:&lt;/b&gt; $52,116,731&lt;br/&gt;&lt;b&gt;Contract:&lt;/b&gt; N0001923C0003&lt;br/&gt;&lt;b&gt;Branch:&lt;/b&gt; NAVY&lt;br/&gt;&lt;b&gt;Completion:&lt;/b&gt; July 2028&lt;br/&gt;&lt;hr/&gt;&lt;small&gt;Lockheed Martin Corp., Lockheed Martin Aeronautics Co., Fort Worth, Texas, is awarded a $52,116,731 firm-fixed-price, fixed-price-incentive, cost-plus-fixed-fee modification (P00028) to a previously awarded contract (N0001923C0003). This modification adds scope to incorporate engineering changes into the F-35 Lot 18-19 Air Vehicle production, including improvements and production incorporation of new capabilities for various aircraft variants for the Air Force, Marine Corps, Navy, F-35 Cooperati&lt;/small&gt;</description>
            <styleUrl>#399</styleUrl>
            <Point id="397">
                <coordinates>-80.6366144,27.9946969,0.0</coordinates>
            </Point>
        </Placemark>
        <Placemark id="403">
            <name> — $51,454,380</name>
            <description>&lt;b&gt;&lt;/b&gt;&lt;br/&gt;&lt;b&gt;Amount:&lt;/b&gt; $51,454,380&lt;br/&gt;&lt;b&gt;Contract:&lt;/b&gt; N00024-22-C-5530&lt;br/&gt;&lt;b&gt;Branch:&lt;/b&gt; NAVY&lt;br/&gt;&lt;b&gt;Completion:&lt;/b&gt; December 2028&lt;br/&gt;&lt;hr/&gt;&lt;small&gt;Saab, Inc., Syracuse, New York, is awarded a $51,454,380 firm-fixed-price and cost-plus-fixed-fee modification to the previously awarded contract (N00024-22-C-5530) to exercise an option for Multi-Mode Radar production, engineering support and spares. Work will be performed in Gothenburg, Sweden (51%); and Syracuse, New York (49%), and is expected to be completed by December 2028. Fiscal 2025 procurement, construction and improvements funds (Coast Guard) in the amount of $24,790,205 (49%); fisca&lt;/small&gt;</description>
            <styleUrl>#404</styleUrl>
            <Point id="402">
                <coordinates>11.9670171,57.7072326,0.0</coordinates>
            </Point>
        </Placemark>
        <Placemark id="408">
            <name>Northrop Grumman Systems Corp. — $49,528,809</name>
            <description>&lt;b&gt;Northrop Grumman Systems Corp.&lt;/b&gt;&lt;br/&gt;&lt;b&gt;Amount:&lt;/b&gt; $49,528,809&lt;br/&gt;&lt;b&gt;Contract:&lt;/b&gt; &lt;br/&gt;&lt;b&gt;Branch:&lt;/b&gt; DEFENSE LOGISTICS AGENCY&lt;br/&gt;&lt;b&gt;Completion:&lt;/b&gt; &lt;br/&gt;&lt;hr/&gt;&lt;small&gt;Northrop Grumman Systems Corp., Oklahoma City, Oklahoma, has been awarded an estimated $49,528,809 cost-plus-fixed-fee modification (P00010) to a six-year firm-fixed-price contract (SPRTA1-23-C-0003) to extend the period of performance for the manufacture and repair of required tooling and production of B-2 rudder and elevon. This is a seven-year contract with no option periods. The performance completion date is March 27, 2030. Using military service is Air Force. Type of appropriation is fisca&lt;/small&gt;</description>
            <styleUrl>#409</styleUrl>
            <Point id="407">
                <coordinates>-97.5170536,35.4729886,0.0</coordinates>
            </Point>
        </Placemark>
        <Placemark id="413">
            <name>General Dynamics Land Systems Inc. — $49,295,084</name>
            <description>&lt;b&gt;General Dynamics Land Systems Inc.&lt;/b&gt;&lt;br/&gt;&lt;b&gt;Amount:&lt;/b&gt; $49,295,084&lt;br/&gt;&lt;b&gt;Contract:&lt;/b&gt; &lt;br/&gt;&lt;b&gt;Branch:&lt;/b&gt; ARMY&lt;br/&gt;&lt;b&gt;Completion:&lt;/b&gt; &lt;br/&gt;&lt;hr/&gt;&lt;small&gt;General Dynamics Land Systems Inc., Sterling Heights, Michigan, was awarded a $49,295,084 modification (P00004) to contract (W912CH-26-F-0292) for the procurement of Double V-Hull A1 Stryker vehicles. This modification brings the total cumulative face value of $278,947,722. One bid was solicited with one received. Work locations and funding will be determined with each order, with an estimated completion date of Dec. 31, 2028. U.S. Army Contracting Command, Detroit Arsenal, Michigan, is the cont&lt;/small&gt;</description>
            <styleUrl>#414</styleUrl>
            <Point id="412">
                <coordinates>-83.0302033,42.5803122,0.0</coordinates>
            </Point>
        </Placemark>
        <Placemark id="418">
            <name>General Electric Co. — $47,762,022</name>
            <description>&lt;b&gt;General Electric Co.&lt;/b&gt;&lt;br/&gt;&lt;b&gt;Amount:&lt;/b&gt; $47,762,022&lt;br/&gt;&lt;b&gt;Contract:&lt;/b&gt; &lt;br/&gt;&lt;b&gt;Branch:&lt;/b&gt; DEFENSE LOGISTICS AGENCY&lt;br/&gt;&lt;b&gt;Completion:&lt;/b&gt; &lt;br/&gt;&lt;hr/&gt;&lt;small&gt;General Electric Co., Lynn, Massachusetts, has been awarded a maximum $47,762,022 firm-fixed-price, one-time-buy delivery order (SPRTA1-26-F-0547) issued against a five-year basic ordering agreement (SPE4A1-22-G-0010) for J-85 engine compressor rotors. This was a sole-source acquisition using justification 10 U.S. Code 3204 (a)(1), as stated in Federal Acquisition Regulation 6.302-1(a)(2). This is a five-year contract with no option periods. The delivery order end date is Sept. 30, 2029. Using m&lt;/small&gt;</description>
            <styleUrl>#419</styleUrl>
            <Point id="417">
                <coordinates>-70.9494939,42.466763,0.0</coordinates>
            </Point>
        </Placemark>
        <Placemark id="423">
            <name>Raytheon Co. — $46,700,000</name>
            <description>&lt;b&gt;Raytheon Co.&lt;/b&gt;&lt;br/&gt;&lt;b&gt;Amount:&lt;/b&gt; $46,700,000&lt;br/&gt;&lt;b&gt;Contract:&lt;/b&gt; SPRHA4-26-C-0032&lt;br/&gt;&lt;b&gt;Branch:&lt;/b&gt; DEFENSE LOGISTICS AGENCY&lt;br/&gt;&lt;b&gt;Completion:&lt;/b&gt; &lt;br/&gt;&lt;hr/&gt;&lt;small&gt;Raytheon Co., McKinney, Texas, has been awarded a maximum $46,700,000 firm-fixed-price contract for F-16 Mission Modular Computer line replaceable units. This was a sole-source acquisition using justification 10 U.S. Code 3204 (a)(1), as stated in Federal Acquisition Regulation 6.302-1 (a)(2). This is a three-year eight-month contract with no option periods. The performance completion date is May 31, 2030. Using military service is Air Force. Type of appropriation is fiscal 2026 defense working &lt;/small&gt;</description>
            <styleUrl>#424</styleUrl>
            <Point id="422">
                <coordinates>-96.6154471,33.1976496,0.0</coordinates>
            </Point>
        </Placemark>
        <Placemark id="428">
            <name>Gaylord Chemical Co. LLC — $46,633,330</name>
            <description>&lt;b&gt;Gaylord Chemical Co. LLC&lt;/b&gt;&lt;br/&gt;&lt;b&gt;Amount:&lt;/b&gt; $46,633,330&lt;br/&gt;&lt;b&gt;Contract:&lt;/b&gt; SPE601-26-D-1531&lt;br/&gt;&lt;b&gt;Branch:&lt;/b&gt; DEFENSE LOGISTICS AGENCY&lt;br/&gt;&lt;b&gt;Completion:&lt;/b&gt; &lt;br/&gt;&lt;hr/&gt;&lt;small&gt;Gaylord Chemical Co. LLC, Covington, Louisiana, has been awarded an estimated $46,633,330 commercial firm-fixed-price requirements contract for the manufacture, purification, blending, analysis, packaging and supply of specification-grade hypergolic propellants. This was a competitive acquisition with one response received. This is a four-year 11-month base contract with one five-year option period and one six-month extension. Location of performance is Alabama, with a Sept. 14, 2031, performanc&lt;/small&gt;</description>
            <styleUrl>#429</styleUrl>
            <Point id="427">
                <coordinates>-86.8295337,33.2588817,0.0</coordinates>
            </Point>
        </Placemark>
        <Placemark id="433">
            <name>ZOLL Medical Corp. — $45,279,444</name>
            <description>&lt;b&gt;ZOLL Medical Corp.&lt;/b&gt;&lt;br/&gt;&lt;b&gt;Amount:&lt;/b&gt; $45,279,444&lt;br/&gt;&lt;b&gt;Contract:&lt;/b&gt; &lt;br/&gt;&lt;b&gt;Branch:&lt;/b&gt; DEFENSE LOGISTICS AGENCY&lt;br/&gt;&lt;b&gt;Completion:&lt;/b&gt; &lt;br/&gt;&lt;hr/&gt;&lt;small&gt;ZOLL Medical Corp., Chelmsford, Massachusetts, has been awarded a maximum $45,279,444 modification (P00006) exercising the second one-year option period of a one-year base contract (SPE2D1-24-D-0017) with four one-year option periods for dual-aeromedical certified defibrillators and accessories. This is a firm-fixed-price, indefinite-delivery/indefinite-quantity contract. The ordering period end date is Sept. 19, 2027. Using customers are Army, Navy, Air Force, Marine Corps and Department of Hea&lt;/small&gt;</description>
            <styleUrl>#434</styleUrl>
            <Point id="432">
                <coordinates>-71.3517602,42.5968617,0.0</coordinates>
            </Point>
        </Placemark>
        <Placemark id="438">
            <name>Joby Aero Inc. — $45,000,000</name>
            <description>&lt;b&gt;Joby Aero Inc.&lt;/b&gt;&lt;br/&gt;&lt;b&gt;Amount:&lt;/b&gt; $45,000,000&lt;br/&gt;&lt;b&gt;Contract:&lt;/b&gt; FA2280-24-D-0001&lt;br/&gt;&lt;b&gt;Branch:&lt;/b&gt; AIR FORCE&lt;br/&gt;&lt;b&gt;Completion:&lt;/b&gt; March 1, 2029&lt;br/&gt;&lt;hr/&gt;&lt;small&gt;Joby Aero Inc.,* Santa Cruz, California, was awarded a $45,000,000 ceiling increase modification (P00004) to a previously awarded contract (FA2280-24-D-0001) for autonomous logistics and cargo. Work will be performed at Santa Cruz, California, and is expected to be completed by March 1, 2029. No funding is obligated at the time of the award. AFWERX, Dayton, Ohio, is the contracting activity.&lt;/small&gt;</description>
            <styleUrl>#439</styleUrl>
            <Point id="437">
                <coordinates>-122.0294673,36.9743626,0.0</coordinates>
            </Point>
        </Placemark>
        <Placemark id="443">
            <name>C C Distributors Inc. — $45,000,000</name>
            <description>&lt;b&gt;C C Distributors Inc.&lt;/b&gt;&lt;br/&gt;&lt;b&gt;Amount:&lt;/b&gt; $45,000,000&lt;br/&gt;&lt;b&gt;Contract:&lt;/b&gt; FA2823-27-D-0001&lt;br/&gt;&lt;b&gt;Branch:&lt;/b&gt; AIR FORCE&lt;br/&gt;&lt;b&gt;Completion:&lt;/b&gt; March 31, 2032&lt;br/&gt;&lt;hr/&gt;&lt;small&gt;C C Distributors Inc., Corpus Christi, Texas, has been awarded a firm-fixed-price, ceiling $45,000,000, indefinite-delivery/indefinite-quantity contract for Contractor Operated Civil Engineer Supply Store. This contract provides simplified method for Civil Engineer Squadron personnel and facility managers to purchase quality materials, tools, and equipment used for work tasks, construction, recurring preventive maintenance, repairs, and the Base U-Fix-it program. Work will be performed at Eglin &lt;/small&gt;</description>
            <styleUrl>#444</styleUrl>
            <Point id="442">
                <coordinates>-86.5468359,30.461382,0.0</coordinates>
            </Point>
        </Placemark>
        <Placemark id="448">
            <name>Castelion Corp. — $43,650,000</name>
            <description>&lt;b&gt;Castelion Corp.&lt;/b&gt;&lt;br/&gt;&lt;b&gt;Amount:&lt;/b&gt; $43,650,000&lt;br/&gt;&lt;b&gt;Contract:&lt;/b&gt; N6833526F1211&lt;br/&gt;&lt;b&gt;Branch:&lt;/b&gt; NAVY&lt;br/&gt;&lt;b&gt;Completion:&lt;/b&gt; September 2028&lt;br/&gt;&lt;hr/&gt;&lt;small&gt;Castelion Corp.*, Torrance, California, is awarded a $43,650,000 firm-fixed-price order (N6833526F1211) against a previously issued basic ordering agreement (N6833526G0006). This effort provides production support for the Blackbeard Hypersonic Weapon program under a Small Business Innovation Research Phase III delivery order. This contract is for the manufacturing, assembly, testing, and delivery of the first production lot of 444 All-Up Rounds (AURs), defined as fully functional tactical missil&lt;/small&gt;</description>
            <styleUrl>#449</styleUrl>
            <Point id="447">
                <coordinates>-106.6847453,35.3108227,0.0</coordinates>
            </Point>
        </Placemark>
        <Placemark id="453">
            <name>The Boeing Co. — $42,221,075</name>
            <description>&lt;b&gt;The Boeing Co.&lt;/b&gt;&lt;br/&gt;&lt;b&gt;Amount:&lt;/b&gt; $42,221,075&lt;br/&gt;&lt;b&gt;Contract:&lt;/b&gt; N0001926C1021&lt;br/&gt;&lt;b&gt;Branch:&lt;/b&gt; NAVY&lt;br/&gt;&lt;b&gt;Completion:&lt;/b&gt; August 2029&lt;br/&gt;&lt;hr/&gt;&lt;small&gt;The Boeing Co., St. Louis, Missouri, is awarded a $42,221,075 firm-fixed-price contract for the full-rate production of 29 Infrared Search and Track Block II sensor assembly structures and fuel tank assembly weapon-replaceable assemblies, including component integration. The procurement includes 20 units for the Navy, eight units for Naval Air Systems Supply, and one unit for the Royal Australian Air Force. Work will be performed in St. Louis, Missouri (70%); and Santa Ana, California (30%), and&lt;/small&gt;</description>
            <styleUrl>#454</styleUrl>
            <Point id="452">
                <coordinates>-90.190009,38.6254063,0.0</coordinates>
            </Point>
        </Placemark>
        <Placemark id="458">
            <name>Lockheed Martin Space — $41,972,953</name>
            <description>&lt;b&gt;Lockheed Martin Space&lt;/b&gt;&lt;br/&gt;&lt;b&gt;Amount:&lt;/b&gt; $41,972,953&lt;br/&gt;&lt;b&gt;Contract:&lt;/b&gt; N0003024C0100&lt;br/&gt;&lt;b&gt;Branch:&lt;/b&gt; NAVY&lt;br/&gt;&lt;b&gt;Completion:&lt;/b&gt; June 30, 2028&lt;br/&gt;&lt;hr/&gt;&lt;small&gt;Lockheed Martin Space, Titusville, Florida, is being awarded a $41,972,953 cost-plus-fixed-fee modification (P00033) to a previously awarded and announced contract (N0003024C0100) for Trident II (D5) missile production and deployed systems support. Work will be performed in Orlando, Florida (62%); Denver, Colorado (20%); Cape Canaveral, Florida (7%); Titusville, Florida (5%); Irvine, California (4%); and various locations less than 1% each (2%). Work is expected to be completed June 30, 2028. Fi&lt;/small&gt;</description>
            <styleUrl>#459</styleUrl>
            <Point id="457">
                <coordinates>-81.379045,28.5421218,0.0</coordinates>
            </Point>
        </Placemark>
        <Placemark id="463">
            <name>Electric Boat Corp. — $40,000,000</name>
            <description>&lt;b&gt;Electric Boat Corp.&lt;/b&gt;&lt;br/&gt;&lt;b&gt;Amount:&lt;/b&gt; $40,000,000&lt;br/&gt;&lt;b&gt;Contract:&lt;/b&gt; N00104-26-F-0024&lt;br/&gt;&lt;b&gt;Branch:&lt;/b&gt; NAVY&lt;br/&gt;&lt;b&gt;Completion:&lt;/b&gt; December 2040&lt;br/&gt;&lt;hr/&gt;&lt;small&gt;Electric Boat Corp., Groton, Connecticut, is awarded $40,000,000 for not-to-exceed delivery order (N00104-26-F-0024) under previously awarded basic ordering agreement (N0024-22-G-4304) for the purchase of nineteen hydraulic actuators used on Navy Virginia-class submarines. The contract does not contain an option provision. All work under the contract will be performed in Groton, Connecticut, and is expected to be completed by December 2040. Fiscal 2026 working capital (Navy) funds in the amount &lt;/small&gt;</description>
            <styleUrl>#464</styleUrl>
            <Point id="462">
                <coordinates>-72.0388786,41.34655,0.0</coordinates>
            </Point>
        </Placemark>
        <Placemark id="468">
            <name>General Electric Co. — $39,926,265</name>
            <description>&lt;b&gt;General Electric Co.&lt;/b&gt;&lt;br/&gt;&lt;b&gt;Amount:&lt;/b&gt; $39,926,265&lt;br/&gt;&lt;b&gt;Contract:&lt;/b&gt; &lt;br/&gt;&lt;b&gt;Branch:&lt;/b&gt; DEFENSE LOGISTICS AGENCY&lt;br/&gt;&lt;b&gt;Completion:&lt;/b&gt; &lt;br/&gt;&lt;hr/&gt;&lt;small&gt;General Electric Co., Lynn, Massachusetts, has been awarded a maximum $39,926,265 firm-fixed-price, one-time buy delivery order (SPRTA1-26-F-0288) issued against a basic ordering agreement (SPE4A1-22-G-0010) for J85 air compressor cases. This was a sole-source acquisition using justification 10 U.S. Code 3204 (a)(1), as stated in Federal Acquisition Regulation 6.302-1 (a)(2). The delivery order completion date is Sept. 30, 2031. Using military service is Air Force. Type of appropriation is fisca&lt;/small&gt;</description>
            <styleUrl>#469</styleUrl>
            <Point id="467">
                <coordinates>-70.9494939,42.466763,0.0</coordinates>
            </Point>
        </Placemark>
        <Placemark id="473">
            <name>General Electric Co. — $39,926,265</name>
            <description>&lt;b&gt;General Electric Co.&lt;/b&gt;&lt;br/&gt;&lt;b&gt;Amount:&lt;/b&gt; $39,926,265&lt;br/&gt;&lt;b&gt;Contract:&lt;/b&gt; &lt;br/&gt;&lt;b&gt;Branch:&lt;/b&gt; DEFENSE LOGISTICS AGENCY&lt;br/&gt;&lt;b&gt;Completion:&lt;/b&gt; &lt;br/&gt;&lt;hr/&gt;&lt;small&gt;General Electric Co., Lynn, Massachusetts, has been awarded a maximum $39,926,265 firm-fixed-price, one-time buy delivery order (SPRTA1-26-F-0288) issued against a basic ordering agreement (SPE4A1-22-G-0010) for J85 air compressor cases. This was a sole-source acquisition using justification 10 U.S. Code 3204 (a)(1), as stated in Federal Acquisition Regulation 6.302-1 (a)(2). The delivery order completion date is Sept. 30, 2031. Using military service is Air Force. Type of appropriation is fisca&lt;/small&gt;</description>
            <styleUrl>#474</styleUrl>
            <Point id="472">
                <coordinates>-70.9494939,42.466763,0.0</coordinates>
            </Point>
        </Placemark>
        <Placemark id="478">
            <name>General Electric Co. — $39,926,265</name>
            <description>&lt;b&gt;General Electric Co.&lt;/b&gt;&lt;br/&gt;&lt;b&gt;Amount:&lt;/b&gt; $39,926,265&lt;br/&gt;&lt;b&gt;Contract:&lt;/b&gt; &lt;br/&gt;&lt;b&gt;Branch:&lt;/b&gt; DEFENSE LOGISTICS AGENCY&lt;br/&gt;&lt;b&gt;Completion:&lt;/b&gt; &lt;br/&gt;&lt;hr/&gt;&lt;small&gt;General Electric Co., Lynn, Massachusetts, has been awarded a maximum $39,926,265 firm-fixed-price, one-time buy delivery order (SPRTA1-26-F-0288) issued against a basic ordering agreement (SPE4A1-22-G-0010) for J85 air compressor cases. This was a sole-source acquisition using justification 10 U.S. Code 3204 (a)(1), as stated in Federal Acquisition Regulation 6.302-1 (a)(2). The delivery order completion date is Sept. 30, 2031. Using military service is Air Force. Type of appropriation is fisca&lt;/small&gt;</description>
            <styleUrl>#479</styleUrl>
            <Point id="477">
                <coordinates>-70.9494939,42.466763,0.0</coordinates>
            </Point>
        </Placemark>
        <Placemark id="483">
            <name>Technology Service Corp. — $39,578,646</name>
            <description>&lt;b&gt;Technology Service Corp.&lt;/b&gt;&lt;br/&gt;&lt;b&gt;Amount:&lt;/b&gt; $39,578,646&lt;br/&gt;&lt;b&gt;Contract:&lt;/b&gt; N0042126C1011&lt;br/&gt;&lt;b&gt;Branch:&lt;/b&gt; NAVY&lt;br/&gt;&lt;b&gt;Completion:&lt;/b&gt; September 2028&lt;br/&gt;&lt;hr/&gt;&lt;small&gt;Technology Service Corp.,* Arlington, Virginia, is awarded a $39,578,646 firm-fixed-price contract for the procurement of three pre-owned, extended range, King Air 350 Maritime Domain Awareness aircraft for the Philippine Coast Guard. Two of these aircraft will be integrated with intelligence, surveillance, and reconnaissance hardware and mission management system software. The contract also provides sensor operator training, aircraft ferry and delivery, technical publications, manuals, training&lt;/small&gt;</description>
            <styleUrl>#484</styleUrl>
            <Point id="482">
                <coordinates>-77.0499164,38.8552829,0.0</coordinates>
            </Point>
        </Placemark>
        <Placemark id="488">
            <name>Dynetics — $37,668,317</name>
            <description>&lt;b&gt;Dynetics&lt;/b&gt;&lt;br/&gt;&lt;b&gt;Amount:&lt;/b&gt; $37,668,317&lt;br/&gt;&lt;b&gt;Contract:&lt;/b&gt; &lt;br/&gt;&lt;b&gt;Branch:&lt;/b&gt; ARMY&lt;br/&gt;&lt;b&gt;Completion:&lt;/b&gt; &lt;br/&gt;&lt;hr/&gt;&lt;small&gt;Dynetics, Huntsville, Alabama, was awarded a $37,668,317 modification (P00002) to contract W31P4Q-26-F-0067 for additional spares and engineering services to support Indirect Fire Protection Capability Increment Two. The modification brings the total cumulative face value of the undefinitized contract to $654,832,452. Work will be performed in Huntsville, Alabama; and Tucson, Arizona, with an estimated completion date of Nov. 30, 2029. Fiscal 2024 other procurement, Army funds; and fiscal 2026 r&lt;/small&gt;</description>
            <styleUrl>#489</styleUrl>
            <Point id="487">
                <coordinates>-86.5859011,34.729847,0.0</coordinates>
            </Point>
        </Placemark>
        <Placemark id="493">
            <name>Dynetics — $37,668,317</name>
            <description>&lt;b&gt;Dynetics&lt;/b&gt;&lt;br/&gt;&lt;b&gt;Amount:&lt;/b&gt; $37,668,317&lt;br/&gt;&lt;b&gt;Contract:&lt;/b&gt; &lt;br/&gt;&lt;b&gt;Branch:&lt;/b&gt; ARMY&lt;br/&gt;&lt;b&gt;Completion:&lt;/b&gt; &lt;br/&gt;&lt;hr/&gt;&lt;small&gt;Dynetics, Huntsville, Alabama, was awarded a $37,668,317 modification (P00002) to contract W31P4Q-26-F-0067 for additional spares and engineering services to support Indirect Fire Protection Capability Increment Two. The modification brings the total cumulative face value of the undefinitized contract to $654,832,452. Work will be performed in Huntsville, Alabama; and Tucson, Arizona, with an estimated completion date of Nov. 30, 2029. Fiscal 2024 other procurement, Army funds; and fiscal 2026 r&lt;/small&gt;</description>
            <styleUrl>#494</styleUrl>
            <Point id="492">
                <coordinates>-86.5859011,34.729847,0.0</coordinates>
            </Point>
        </Placemark>
        <Placemark id="498">
            <name>Haskell Corp. — $36,396,565</name>
            <description>&lt;b&gt;Haskell Corp.&lt;/b&gt;&lt;br/&gt;&lt;b&gt;Amount:&lt;/b&gt; $36,396,565&lt;br/&gt;&lt;b&gt;Contract:&lt;/b&gt; FA9300-25-P-6011&lt;br/&gt;&lt;b&gt;Branch:&lt;/b&gt; AIR FORCE&lt;br/&gt;&lt;b&gt;Completion:&lt;/b&gt; April 5, 2028&lt;br/&gt;&lt;hr/&gt;&lt;small&gt;Haskell Corp., Bellingham, Washington, has been awarded a $36,396,565 modification (P00002) to a previously awarded contract (FA9300-25-P-6011) for the design, fabrication, transport, testing, installation, and related work for three steam generators at Air Force Research Lab Area 1-42. This modification brings the total cumulative face value of the contract to $57,951,799 from $21,555,234. Work will be performed at Edwards Air Force Base, California, and is expected to be completed by April 5, &lt;/small&gt;</description>
            <styleUrl>#499</styleUrl>
            <Point id="497">
                <coordinates>-117.8329682,34.889855,0.0</coordinates>
            </Point>
        </Placemark>
        <Placemark id="503">
            <name>Crowley Government Services Inc. — $35,938,441</name>
            <description>&lt;b&gt;Crowley Government Services Inc.&lt;/b&gt;&lt;br/&gt;&lt;b&gt;Amount:&lt;/b&gt; $35,938,441&lt;br/&gt;&lt;b&gt;Contract:&lt;/b&gt; SPE605-26-D-8600&lt;br/&gt;&lt;b&gt;Branch:&lt;/b&gt; DEFENSE LOGISTICS AGENCY&lt;br/&gt;&lt;b&gt;Completion:&lt;/b&gt; &lt;br/&gt;&lt;hr/&gt;&lt;small&gt;Crowley Government Services Inc., Jacksonville, Florida, has been awarded an estimated $35,938,441 fixed-price with economic-price-adjustment requirements contract for aviation turbine fuel. This was a competitive acquisition with three responses received. This is a five-year contract with no option periods. Locations of performance are throughout Canada, with a Sept. 30, 2031, performance completion date. Using military service is Air Force. Type of appropriation is fiscal 2026 through 2031 def&lt;/small&gt;</description>
            <styleUrl>#504</styleUrl>
            <Point id="502">
                <coordinates>-81.6579179,30.3262247,0.0</coordinates>
            </Point>
        </Placemark>
        <Placemark id="508">
            <name>Elegant Stitches Inc. — $35,738,199</name>
            <description>&lt;b&gt;Elegant Stitches Inc.&lt;/b&gt;&lt;br/&gt;&lt;b&gt;Amount:&lt;/b&gt; $35,738,199&lt;br/&gt;&lt;b&gt;Contract:&lt;/b&gt; SPE1C1-26-D-0091&lt;br/&gt;&lt;b&gt;Branch:&lt;/b&gt; DEFENSE LOGISTICS AGENCY&lt;br/&gt;&lt;b&gt;Completion:&lt;/b&gt; &lt;br/&gt;&lt;hr/&gt;&lt;small&gt;Elegant Stitches Inc.,* Pittsfield, Massachusetts, has been awarded a maximum $35,738,199 firm-fixed-price, indefinite-delivery/indefinite-quantity contract for Army Green Service Uniform dress shirts. This was a competitive acquisition with seven responses received. This is a five-year contract with no option periods. The location of performance is Puerto Rico, with a Sept. 14, 2031, ordering period completion date. Using military service is Army. Type of appropriation is fiscal 2026 through 20&lt;/small&gt;</description>
            <styleUrl>#509</styleUrl>
            <Point id="507">
                <coordinates>-66.4858295,18.2247706,0.0</coordinates>
            </Point>
        </Placemark>
        <Placemark id="513">
            <name>Elmet Technologies LLC — $35,648,362</name>
            <description>&lt;b&gt;Elmet Technologies LLC&lt;/b&gt;&lt;br/&gt;&lt;b&gt;Amount:&lt;/b&gt; $35,648,362&lt;br/&gt;&lt;b&gt;Contract:&lt;/b&gt; SP8000-26-C-0015&lt;br/&gt;&lt;b&gt;Branch:&lt;/b&gt; DEFENSE LOGISTICS AGENCY&lt;br/&gt;&lt;b&gt;Completion:&lt;/b&gt; &lt;br/&gt;&lt;hr/&gt;&lt;small&gt;Elmet Technologies LLC,* Lewiston, Maine, has been awarded a maximum $35,648,362 firm-fixed-price contract for refractory metal wires. The was a sole-source acquisition using justification 10 U.S. Code 3204 (a)(3)(A), as stated in Federal Acquisition Regulation 6.103-3(b)(1). This is a five-year contract with no option periods. The performance completion date is Sept. 24, 2031. Using military services are Army, Marine Corps, Navy, Air Force and Space Force. Type of appropriation is fiscal 2025 t&lt;/small&gt;</description>
            <styleUrl>#514</styleUrl>
            <Point id="512">
                <coordinates>-70.2177099,44.0990717,0.0</coordinates>
            </Point>
        </Placemark>
        <Placemark id="518">
            <name>Bell Boeing Joint Project Office — $35,524,950</name>
            <description>&lt;b&gt;Bell Boeing Joint Project Office&lt;/b&gt;&lt;br/&gt;&lt;b&gt;Amount:&lt;/b&gt; $35,524,950&lt;br/&gt;&lt;b&gt;Contract:&lt;/b&gt; N0001925F0103&lt;br/&gt;&lt;b&gt;Branch:&lt;/b&gt; NAVY&lt;br/&gt;&lt;b&gt;Completion:&lt;/b&gt; October 2028&lt;br/&gt;&lt;hr/&gt;&lt;small&gt;Bell Boeing Joint Project Office, Amarillo, Texas, is awarded a not-to-exceed $35,524,950 cost-plus-fixed-fee and firm-fixed-price, undefinitized delivery order (N0001925F0103) under a previously awarded basic ordering agreement (N0001922G0002). This order is for the procurement of 73 gearbox vibration monitoring and Osprey Drive System Safety and Health Information (ODSSHI) system kits, and 77 Installations thereof as well as 11 prop rotor gear box installations. It also acquires related ODSSHI&lt;/small&gt;</description>
            <styleUrl>#519</styleUrl>
            <Point id="517">
                <coordinates>-97.3327459,32.753177,0.0</coordinates>
            </Point>
        </Placemark>
        <Placemark id="523">
            <name>Northrop Grumman Systems Corp. — $34,388,301</name>
            <description>&lt;b&gt;Northrop Grumman Systems Corp.&lt;/b&gt;&lt;br/&gt;&lt;b&gt;Amount:&lt;/b&gt; $34,388,301&lt;br/&gt;&lt;b&gt;Contract:&lt;/b&gt; N0001924D0123&lt;br/&gt;&lt;b&gt;Branch:&lt;/b&gt; NAVY&lt;br/&gt;&lt;b&gt;Completion:&lt;/b&gt; March 2027&lt;br/&gt;&lt;hr/&gt;&lt;small&gt;Northrop Grumman Systems Corp., Woodland Hills, California, is awarded a $34,388,301 modification (P00005) to a firm-fixed-price indefinite-delivery/indefinite-quantity contract (N0001924D0123). This modification increases the ceiling of an existing contract for potential to procure additional UH-1Y and AH-1Z Helicopter Link-16 A-Kits, B-Kits, and associated Spare Parts. Specifically, the contract quantities are increased by (8) UH-1Y Link 16 A Kits, (9) AH-1Z Link 16 A Kits, (17) Link 16 B Kits&lt;/small&gt;</description>
            <styleUrl>#524</styleUrl>
            <Point id="522">
                <coordinates>-87.6244212,41.8755616,0.0</coordinates>
            </Point>
        </Placemark>
        <Placemark id="528">
            <name>Northrop Grumman Systems Corp. — $34,388,301</name>
            <description>&lt;b&gt;Northrop Grumman Systems Corp.&lt;/b&gt;&lt;br/&gt;&lt;b&gt;Amount:&lt;/b&gt; $34,388,301&lt;br/&gt;&lt;b&gt;Contract:&lt;/b&gt; N0001924D0123&lt;br/&gt;&lt;b&gt;Branch:&lt;/b&gt; NAVY&lt;br/&gt;&lt;b&gt;Completion:&lt;/b&gt; March 2027&lt;br/&gt;&lt;hr/&gt;&lt;small&gt;Northrop Grumman Systems Corp., Woodland Hills, California, is awarded a $34,388,301 modification (P00005) to a firm-fixed-price, indefinite-delivery/indefinite-quantity contract (N0001924D0123). This modification increases the ceiling of an existing contract for potential to procure additional UH-1Y and AH-1Z Helicopter Link-16 A-Kits, B-Kits, and associated Spare Parts. Specifically, the contract quantities are increased by eight UH-1Y Link 16 A Kits, nine AH-1Z Link 16 A Kits, 17 Link 16 B Ki&lt;/small&gt;</description>
            <styleUrl>#529</styleUrl>
            <Point id="527">
                <coordinates>-87.6244212,41.8755616,0.0</coordinates>
            </Point>
        </Placemark>
        <Placemark id="533">
            <name>The Boeing Company — $34,286,429</name>
            <description>&lt;b&gt;The Boeing Company&lt;/b&gt;&lt;br/&gt;&lt;b&gt;Amount:&lt;/b&gt; $34,286,429&lt;br/&gt;&lt;b&gt;Contract:&lt;/b&gt; FA8526-26-F-B016&lt;br/&gt;&lt;b&gt;Branch:&lt;/b&gt; AIR FORCE&lt;br/&gt;&lt;b&gt;Completion:&lt;/b&gt; July 2, 2029&lt;br/&gt;&lt;hr/&gt;&lt;small&gt;The Boeing Company, Long Beach, California, was awarded a $34,286,429 order for production of Replacement Heads Up Display (RHUD), Phase C. This order provides for delivery of RHUD mod kits and spares part kits. Work will be performed at Long Beach, California, Mesa, Arizona, and is expected to be completed by July 2, 2029. This contract was a sole source acquisition. Fiscal 24 procurement funds in amount of $12,635,625 and fiscal 25 procurement funds in amount of $21,650,804 are being obligated&lt;/small&gt;</description>
            <styleUrl>#534</styleUrl>
            <Point id="532">
                <coordinates>-111.763275,34.395342,0.0</coordinates>
            </Point>
        </Placemark>
        <Placemark id="538">
            <name>The Boeing Co. — $33,881,195</name>
            <description>&lt;b&gt;The Boeing Co.&lt;/b&gt;&lt;br/&gt;&lt;b&gt;Amount:&lt;/b&gt; $33,881,195&lt;br/&gt;&lt;b&gt;Contract:&lt;/b&gt; &lt;br/&gt;&lt;b&gt;Branch:&lt;/b&gt; ARMY&lt;br/&gt;&lt;b&gt;Completion:&lt;/b&gt; &lt;br/&gt;&lt;hr/&gt;&lt;small&gt;The Boeing Co., Ridley Park, Pennsylvania, was awarded a $33,881,195 modification (P00005) to contract W58RGZ-23-F-0395 to add country-specific requirements (Korea) to the CH-47F Block I Chinook helicopter production line. The amount of this action is $33,881,195 with a total cumulative face value of $827,391,197. One bid was solicited with one received. Work locations and funding will be determined with each order, with an estimated completion date of Oct. 31, 2029. Army Contracting Command, Re&lt;/small&gt;</description>
            <styleUrl>#539</styleUrl>
            <Point id="537">
                <coordinates>-75.3237993,39.8812236,0.0</coordinates>
            </Point>
        </Placemark>
        <Placemark id="543">
            <name>Ultra Electronics Ocean Systems Inc. — $31,767,459</name>
            <description>&lt;b&gt;Ultra Electronics Ocean Systems Inc.&lt;/b&gt;&lt;br/&gt;&lt;b&gt;Amount:&lt;/b&gt; $31,767,459&lt;br/&gt;&lt;b&gt;Contract:&lt;/b&gt; N0002425C4127&lt;br/&gt;&lt;b&gt;Branch:&lt;/b&gt; NAVY&lt;br/&gt;&lt;b&gt;Completion:&lt;/b&gt; February 2029&lt;br/&gt;&lt;hr/&gt;&lt;small&gt;Ultra Electronics Ocean Systems Inc., Braintree, Massachusetts, was awarded a $31,767,459 firm-fixed-price and cost-plus-fixed-fee modification to a previously awarded contract (N0002425C4127) for exercise of a production option, the procurement of spares, and incorporation of engineering changes in support of AN/SPS-73(V)18 Next Generation Surface Search Radar systems. This contract combines purchases for the U.S. Government (73%) and the government of Canada under the Foreign Military Sales (F&lt;/small&gt;</description>
            <styleUrl>#544</styleUrl>
            <Point id="542">
                <coordinates>-78.5098471,35.9775697,0.0</coordinates>
            </Point>
        </Placemark>
        <Placemark id="548">
            <name>Lockheed Martin Corp. — $31,521,771</name>
            <description>&lt;b&gt;Lockheed Martin Corp.&lt;/b&gt;&lt;br/&gt;&lt;b&gt;Amount:&lt;/b&gt; $31,521,771&lt;br/&gt;&lt;b&gt;Contract:&lt;/b&gt; SPRTA1-26-C-0202&lt;br/&gt;&lt;b&gt;Branch:&lt;/b&gt; DEFENSE LOGISTICS AGENCY&lt;br/&gt;&lt;b&gt;Completion:&lt;/b&gt; &lt;br/&gt;&lt;hr/&gt;&lt;small&gt;Lockheed Martin Corp., Owego, New York, has been awarded a maximum $31,521,771 firm-fixed-price contract for B-2 countermeasure receivers. This was a sole-source acquisition using justification 10 U.S. Code 3204 (a)(1), as stated in Federal Acquisition Regulation 6.103-1. This is a five-year contract with no option periods. The performance completion date is April 30, 2031. Using military service is Air Force. Type of appropriation is fiscal 2026 defense working capital funds. The contracting ac&lt;/small&gt;</description>
            <styleUrl>#549</styleUrl>
            <Point id="547">
                <coordinates>-76.2622669,42.1034528,0.0</coordinates>
            </Point>
        </Placemark>
        <Placemark id="553">
            <name> — $31,315,866</name>
            <description>&lt;b&gt;&lt;/b&gt;&lt;br/&gt;&lt;b&gt;Amount:&lt;/b&gt; $31,315,866&lt;br/&gt;&lt;b&gt;Contract:&lt;/b&gt; N00167-26-D-1002&lt;br/&gt;&lt;b&gt;Branch:&lt;/b&gt; NAVY&lt;br/&gt;&lt;b&gt;Completion:&lt;/b&gt; &lt;br/&gt;&lt;hr/&gt;&lt;small&gt;Seemann Composites LLC., Gulfport, Mississippi (a wholly owned subsidiary of Karman Space &amp;amp; Defense), Huntington Beach, California, is awarded a $31,315,866, firm-fixed-price and cost-plus-fixed-fee, term, indefinite-delivery/indefinite-quantity contract (N00167-26-D-1002) for manufacturing activities in support of Virginia Class submarine propulsors. Work will be performed in Gulfport, Mississippi, with an ordering period up to five years from the date of the award. Fiscal 2026 shipbuilding and&lt;/small&gt;</description>
            <styleUrl>#554</styleUrl>
            <Point id="552">
                <coordinates>-89.0928155,30.3674198,0.0</coordinates>
            </Point>
        </Placemark>
        <Placemark id="558">
            <name>Impulse Space Inc. — $31,255,231</name>
            <description>&lt;b&gt;Impulse Space Inc.&lt;/b&gt;&lt;br/&gt;&lt;b&gt;Amount:&lt;/b&gt; $31,255,231&lt;br/&gt;&lt;b&gt;Contract:&lt;/b&gt; FA8809-25-C-B001&lt;br/&gt;&lt;b&gt;Branch:&lt;/b&gt; AIR FORCE&lt;br/&gt;&lt;b&gt;Completion:&lt;/b&gt; March 31, 2030&lt;br/&gt;&lt;hr/&gt;&lt;small&gt;Impulse Space Inc., Redondo Beach, California, has been awarded a $31,255,231 Small Business Innovation Research Phase III contract modification (P00011) to a previously awarded contract (FA8809-25-C-B001) for one additional Mira space vehicle and integration. The modification brings the total cumulative face value of the contract to $94,264,131 from $63,008,900. Work will be performed at Redondo Beach, California and is expected to be completed by March 31, 2030.  Fiscal 2025 procurement funds &lt;/small&gt;</description>
            <styleUrl>#559</styleUrl>
            <Point id="557">
                <coordinates>-118.3845942,33.8398289,0.0</coordinates>
            </Point>
        </Placemark>
        <Placemark id="563">
            <name> — $29,285,821</name>
            <description>&lt;b&gt;&lt;/b&gt;&lt;br/&gt;&lt;b&gt;Amount:&lt;/b&gt; $29,285,821&lt;br/&gt;&lt;b&gt;Contract:&lt;/b&gt; N0002425C5434&lt;br/&gt;&lt;b&gt;Branch:&lt;/b&gt; NAVY&lt;br/&gt;&lt;b&gt;Completion:&lt;/b&gt; February 2029&lt;br/&gt;&lt;hr/&gt;&lt;small&gt;KONGSBERG Defence &amp;amp; Aerospace, Kongsberg, Norway, is awarded a $29,285,821 undefinitized, firm-fixed-price modification (P00015) to a previously awarded contract (N0002425C5434). This modification establishes new contract line items to procure eight test-configured encanistered missiles for the Marine Corps and associated spare parts for the Navy. Work will be performed in Kongsberg, Norway (37%); GS&amp;#x27;t Harde, Netherlands (7%); Schrobenhausen, Germany (6%); Bergen, Norway (5%); Toulouse, France (&lt;/small&gt;</description>
            <styleUrl>#564</styleUrl>
            <Point id="562">
                <coordinates>9.6708601,59.5945501,0.0</coordinates>
            </Point>
        </Placemark>
        <Placemark id="568">
            <name>DRS Sustainment Systems Inc. — $28,553,756</name>
            <description>&lt;b&gt;DRS Sustainment Systems Inc.&lt;/b&gt;&lt;br/&gt;&lt;b&gt;Amount:&lt;/b&gt; $28,553,756&lt;br/&gt;&lt;b&gt;Contract:&lt;/b&gt; &lt;br/&gt;&lt;b&gt;Branch:&lt;/b&gt; ARMY&lt;br/&gt;&lt;b&gt;Completion:&lt;/b&gt; &lt;br/&gt;&lt;hr/&gt;&lt;small&gt;DRS Sustainment Systems Inc., Bridgeton, Missouri, was awarded a $28,553,756 modification (P00005) to contract W912CH-26-F-0282 for additional Early Entry Fluid Distribution Systems and related support equipment. The modification brings the total cumulative face value to $49,407,184. One bid was solicited with one received. Work locations and funding will be determined with each order, with an estimated completion date of Nov. 30, 2028. Army Contracting Command, Detroit Arsenal, Michigan, is the&lt;/small&gt;</description>
            <styleUrl>#569</styleUrl>
            <Point id="567">
                <coordinates>-90.42352,38.7566055,0.0</coordinates>
            </Point>
        </Placemark>
        <Placemark id="573">
            <name>L3 Technologies Inc. — $26,945,335</name>
            <description>&lt;b&gt;L3 Technologies Inc.&lt;/b&gt;&lt;br/&gt;&lt;b&gt;Amount:&lt;/b&gt; $26,945,335&lt;br/&gt;&lt;b&gt;Contract:&lt;/b&gt; N66001-26-C-0021&lt;br/&gt;&lt;b&gt;Branch:&lt;/b&gt; NAVY&lt;br/&gt;&lt;b&gt;Completion:&lt;/b&gt; March 2030&lt;br/&gt;&lt;hr/&gt;&lt;small&gt;L3 Technologies Inc., Camden, New Jersey, is being awarded a $26,945,335 firm-fixed-price and cost-plus-fixed-fee contract (N66001-26-C-0021) for the procurement, assembly, integration, configuration and shipment of communications equipment and components. This contract includes 15 options which, if exercised, would bring the overall potential value of this contract to an estimated $74,935,753. Work will be performed in Camden, New Jersey. Work is expected to begin in September 2026 and be compl&lt;/small&gt;</description>
            <styleUrl>#574</styleUrl>
            <Point id="572">
                <coordinates>-75.1191932,39.9440874,0.0</coordinates>
            </Point>
        </Placemark>
        <Placemark id="578">
            <name>Walashek Industrial &amp; Marine Inc. (Walashek) — $26,621,152</name>
            <description>&lt;b&gt;Walashek Industrial &amp;amp; Marine Inc. (Walashek)&lt;/b&gt;&lt;br/&gt;&lt;b&gt;Amount:&lt;/b&gt; $26,621,152&lt;br/&gt;&lt;b&gt;Contract:&lt;/b&gt; N00024-26-C-2409&lt;br/&gt;&lt;b&gt;Branch:&lt;/b&gt; NAVY&lt;br/&gt;&lt;b&gt;Completion:&lt;/b&gt; June 2029&lt;br/&gt;&lt;hr/&gt;&lt;small&gt;Walashek Industrial &amp;amp; Marine Inc. (Walashek)*, National City, California, is awarded $26,621,152 firm-fixed-price contract modification under contract (N00024-26-C-2409) for the Landing Craft, Air Cushion (LCAC) Extended Service Life Extension Program (E-SLEP) for LCAC 43 and LCAC 57. Work will be performed at Camp Pendleton, California, and is expected to be completed by June 2029. Fiscal 2025 One Big Beautiful Bill Act shipbuilding and conversion, (Navy) funds in the amount of $26,621,152 will&lt;/small&gt;</description>
            <styleUrl>#579</styleUrl>
            <Point id="577">
                <coordinates>-117.47376,33.3069873,0.0</coordinates>
            </Point>
        </Placemark>
        <Placemark id="583">
            <name>L3Harris Cincinnati Electronics Corp. — $25,241,883</name>
            <description>&lt;b&gt;L3Harris Cincinnati Electronics Corp.&lt;/b&gt;&lt;br/&gt;&lt;b&gt;Amount:&lt;/b&gt; $25,241,883&lt;br/&gt;&lt;b&gt;Contract:&lt;/b&gt; SPRRA2-26-D-0013&lt;br/&gt;&lt;b&gt;Branch:&lt;/b&gt; DEFENSE LOGISTICS AGENCY&lt;br/&gt;&lt;b&gt;Completion:&lt;/b&gt; &lt;br/&gt;&lt;hr/&gt;&lt;small&gt;L3Harris Cincinnati Electronics Corp., Mason, Ohio, has been awarded a maximum $25,241,883 firm‐fixed‐price, indefinite-delivery requirements contract for Avenger Forward-Looking Infrareds. This was a sole-source acquisition using justification 10 U.S. Code 3204 (c)(2), as stated in Federal Acquisition Regulation 6.302‐1. This is a five-year contract with no option periods. The performance completion date is Sept. 17, 2031. Using military service is Army. Type of appropriation is fiscal 2026 thr&lt;/small&gt;</description>
            <styleUrl>#584</styleUrl>
            <Point id="582">
                <coordinates>-84.309939,39.3600586,0.0</coordinates>
            </Point>
        </Placemark>
        <Placemark id="588">
            <name>Prak Industries LLC — $25,134,375</name>
            <description>&lt;b&gt;Prak Industries LLC&lt;/b&gt;&lt;br/&gt;&lt;b&gt;Amount:&lt;/b&gt; $25,134,375&lt;br/&gt;&lt;b&gt;Contract:&lt;/b&gt; SPE1C1-26-D-0089&lt;br/&gt;&lt;b&gt;Branch:&lt;/b&gt; DEFENSE LOGISTICS AGENCY&lt;br/&gt;&lt;b&gt;Completion:&lt;/b&gt; &lt;br/&gt;&lt;hr/&gt;&lt;small&gt;Prak Industries LLC,* Camuy, Puerto Rico, has been awarded a maximum $25,134,375 firm-fixed-price, indefinite-delivery/indefinite-quantity contract for cold weather shipboard jackets. This was a competitive acquisition with twelve responses received. This is a three-year contract with no option periods. The ordering period end date is Sept. 20, 2029. Using military service is Navy. Type of appropriation is fiscal 2026 through 2029 defense working capital funds. The contracting activity is Defens&lt;/small&gt;</description>
            <styleUrl>#589</styleUrl>
            <Point id="587">
                <coordinates>-66.8446583,18.4841598,0.0</coordinates>
            </Point>
        </Placemark>
        <Placemark id="593">
            <name>Triumph Gear Systems Inc. — $23,943,876</name>
            <description>&lt;b&gt;Triumph Gear Systems Inc.&lt;/b&gt;&lt;br/&gt;&lt;b&gt;Amount:&lt;/b&gt; $23,943,876&lt;br/&gt;&lt;b&gt;Contract:&lt;/b&gt; SPRPA1-26-C-VA72&lt;br/&gt;&lt;b&gt;Branch:&lt;/b&gt; DEFENSE LOGISTICS AGENCY&lt;br/&gt;&lt;b&gt;Completion:&lt;/b&gt; &lt;br/&gt;&lt;hr/&gt;&lt;small&gt;Triumph Gear Systems Inc., Park City, Utah, has been awarded a maximum $23,943,876 firm-fixed-price contract for pylon conversion actuators. This was a sole-source acquisition using justification 10 U.S. Code 3204 (a)(1), as stated in Federal Acquisition Regulation 6.302-1 (a)(2). This is a three-year contract with no option periods. The performance completion date is Sept. 30, 2029. Using military service is Navy. Type of appropriation is fiscal 2026 through 2029 Navy working capital funds. The&lt;/small&gt;</description>
            <styleUrl>#594</styleUrl>
            <Point id="592">
                <coordinates>-111.4979963,40.6460921,0.0</coordinates>
            </Point>
        </Placemark>
        <Placemark id="598">
            <name>RGAS LLC. — $23,587,611</name>
            <description>&lt;b&gt;RGAS LLC.&lt;/b&gt;&lt;br/&gt;&lt;b&gt;Amount:&lt;/b&gt; $23,587,611&lt;br/&gt;&lt;b&gt;Contract:&lt;/b&gt; SPE4AX-26-C-0001&lt;br/&gt;&lt;b&gt;Branch:&lt;/b&gt; DEFENSE LOGISTICS AGENCY&lt;br/&gt;&lt;b&gt;Completion:&lt;/b&gt; &lt;br/&gt;&lt;hr/&gt;&lt;small&gt;RGAS LLC.,* Houston, Texas, has been awarded a maximum $23,587,611 firm-fixed-price, definite-quantity contract for procurement of mission critical Hydrofluorocarbon compressed gasses. This was a competitive acquisition with two responses received. This is a two-year contract with no option periods. The performance completion date is April 21, 2028. Using military service is Navy. Type of appropriation is fiscal 2023 and 2024 defense-wide procurement funds. The contracting activity is Defense Lo&lt;/small&gt;</description>
            <styleUrl>#599</styleUrl>
            <Point id="597">
                <coordinates>-95.3676974,29.7589382,0.0</coordinates>
            </Point>
        </Placemark>
        <Placemark id="603">
            <name> — $23,526,065</name>
            <description>&lt;b&gt;&lt;/b&gt;&lt;br/&gt;&lt;b&gt;Amount:&lt;/b&gt; $23,526,065&lt;br/&gt;&lt;b&gt;Contract:&lt;/b&gt; FA811826D0037&lt;br/&gt;&lt;b&gt;Branch:&lt;/b&gt; AIR FORCE&lt;br/&gt;&lt;b&gt;Completion:&lt;/b&gt; Sept. 24, 2031&lt;br/&gt;&lt;hr/&gt;&lt;small&gt;Thomas Instrument, Brookshire, Texas has been awarded a $23,526,065 estimated total Indefinite-delivery/indefinite-quantity contract for the Remanufacture of B-1 Asymmetry Brake Sensors. This contract provides for the remanufacture of the brake sensors which perform in one of three modes; Operational, Flap Selection/Fail Operational, and Fail-Safe Modes. Work will be performed at Brookshire, Texas and is expected to be completed by Sept. 24, 2031. This contract was a competitive acquisition and &lt;/small&gt;</description>
            <styleUrl>#604</styleUrl>
            <Point id="602">
                <coordinates>-95.9510661,29.7860643,0.0</coordinates>
            </Point>
        </Placemark>
        <Placemark id="608">
            <name> — $21,663,323</name>
            <description>&lt;b&gt;&lt;/b&gt;&lt;br/&gt;&lt;b&gt;Amount:&lt;/b&gt; $21,663,323&lt;br/&gt;&lt;b&gt;Contract:&lt;/b&gt; N0001926F1096&lt;br/&gt;&lt;b&gt;Branch:&lt;/b&gt; NAVY&lt;br/&gt;&lt;b&gt;Completion:&lt;/b&gt; September 2029&lt;br/&gt;&lt;hr/&gt;&lt;small&gt;Raytheon Technologies, Raytheon Missiles and Defense, Tucson, Arizona, is awarded a $21,663,323 cost-plus-fixed-fee, firm-fixed-price order (N0001926F1096) against a previously issued basic ordering agreement (N0001925G0009). This order provides non-recurring engineering to mitigate obsolete components and restart production of the Tomahawk Legacy Integrated Firing Unit, as well as test equipment, 380 Integrated Firing Unit production units, and associated data for the Navy. Work will be perform&lt;/small&gt;</description>
            <styleUrl>#609</styleUrl>
            <Point id="607">
                <coordinates>-93.7375258,36.0884253,0.0</coordinates>
            </Point>
        </Placemark>
        <Placemark id="613">
            <name>General Electric Co. — $21,022,564</name>
            <description>&lt;b&gt;General Electric Co.&lt;/b&gt;&lt;br/&gt;&lt;b&gt;Amount:&lt;/b&gt; $21,022,564&lt;br/&gt;&lt;b&gt;Contract:&lt;/b&gt; &lt;br/&gt;&lt;b&gt;Branch:&lt;/b&gt; DEFENSE LOGISTICS AGENCY&lt;br/&gt;&lt;b&gt;Completion:&lt;/b&gt; &lt;br/&gt;&lt;hr/&gt;&lt;small&gt;General Electric Co., Cincinnati, Ohio, has been awarded an estimated $21,022,564 firm-fixed-price delivery order (SPRTA1-26-F-1525) issued against a five-year basic ordering agreement (SPE4A1-24-G-0014) for the manufacture of F110 aircraft turbine rotors. This is a three-year contract with no option periods. The performance completion date is Dec. 31, 2029. Using military service is Air Force. Type of appropriation is fiscal 2026 defense working capital funds. The contracting activity is Defens&lt;/small&gt;</description>
            <styleUrl>#614</styleUrl>
            <Point id="612">
                <coordinates>-84.5127405,39.1012809,0.0</coordinates>
            </Point>
        </Placemark>
        <Placemark id="618">
            <name>General Electric Co. — $20,398,890</name>
            <description>&lt;b&gt;General Electric Co.&lt;/b&gt;&lt;br/&gt;&lt;b&gt;Amount:&lt;/b&gt; $20,398,890&lt;br/&gt;&lt;b&gt;Contract:&lt;/b&gt; &lt;br/&gt;&lt;b&gt;Branch:&lt;/b&gt; DEFENSE LOGISTICS AGENCY&lt;br/&gt;&lt;b&gt;Completion:&lt;/b&gt; &lt;br/&gt;&lt;hr/&gt;&lt;small&gt;General Electric Co., Cincinnati, Ohio, has been awarded a maximum $20,398,890 firm-fixed-price delivery order (SPRTA1-26-F-0245) issued against a basic ordering agreement (SPE4A1-24-G-0014) with no option periods for the manufacture of F110 aircraft turbine rotors. This is a four-year contract with no option periods. The delivery order end date is May 31, 2030. Using military service is Air Force. Type of appropriation is fiscal 2026 defense working capital funds. The contracting activity is De&lt;/small&gt;</description>
            <styleUrl>#619</styleUrl>
            <Point id="617">
                <coordinates>-84.5127405,39.1012809,0.0</coordinates>
            </Point>
        </Placemark>
        <Placemark id="623">
            <name> — $20,087,653</name>
            <description>&lt;b&gt;&lt;/b&gt;&lt;br/&gt;&lt;b&gt;Amount:&lt;/b&gt; $20,087,653&lt;br/&gt;&lt;b&gt;Contract:&lt;/b&gt; N00024-26-F-5454&lt;br/&gt;&lt;b&gt;Branch:&lt;/b&gt; NAVY&lt;br/&gt;&lt;b&gt;Completion:&lt;/b&gt; January 2030&lt;br/&gt;&lt;hr/&gt;&lt;small&gt;RAM-System GmbH (RAMSYS), Ottobrunn, Germany, is awarded a $20,087,653 firm-fixed-price delivery order (N00024-26-F-5454) under basic ordering agreement (N00024-24-G-5407) for RAM supplier capacity expansion and the procurement of seeker head test equipment. Work will be performed in Uberlingen, Germany (80%), and Tucson, Arizona (20%) and is expected to be completed by January 2030. Fiscal 2025 weapons procurement (Navy) funds in the amount of $13,713,376 (68%) and German cooperative funds in t&lt;/small&gt;</description>
            <styleUrl>#624</styleUrl>
            <Point id="622">
                <coordinates>9.1605106,47.7664456,0.0</coordinates>
            </Point>
        </Placemark>
        <Placemark id="628">
            <name>Northrop Grumman Systems Corp. — $19,849,996</name>
            <description>&lt;b&gt;Northrop Grumman Systems Corp.&lt;/b&gt;&lt;br/&gt;&lt;b&gt;Amount:&lt;/b&gt; $19,849,996&lt;br/&gt;&lt;b&gt;Contract:&lt;/b&gt; N0016426FM026&lt;br/&gt;&lt;b&gt;Branch:&lt;/b&gt; NAVY&lt;br/&gt;&lt;b&gt;Completion:&lt;/b&gt; April 2030&lt;br/&gt;&lt;hr/&gt;&lt;small&gt;Northrop Grumman Systems Corp., Linthicum Heights, Maryland, is awarded a $19,849,996 firm-fixed-price job order (JO) against previously issued basic ordering agreement (BOA) (N0016425GJW77) for the procurement of test program sets and automated test equipment to support depot repair testing of AN/ZPY-3 multi-function active sonar shop replaceable assemblies in support of the PMA-262 Program. This JO does not include options. Work will be performed in Linthicum Heights, Maryland, and is expected&lt;/small&gt;</description>
            <styleUrl>#629</styleUrl>
            <Point id="627">
                <coordinates>-76.6597094,39.2039094,0.0</coordinates>
            </Point>
        </Placemark>
        <Placemark id="633">
            <name>Bell Boeing Joint Project Office — $19,558,028</name>
            <description>&lt;b&gt;Bell Boeing Joint Project Office&lt;/b&gt;&lt;br/&gt;&lt;b&gt;Amount:&lt;/b&gt; $19,558,028&lt;br/&gt;&lt;b&gt;Contract:&lt;/b&gt; N0001926F0015&lt;br/&gt;&lt;b&gt;Branch:&lt;/b&gt; NAVY&lt;br/&gt;&lt;b&gt;Completion:&lt;/b&gt; May 2029&lt;br/&gt;&lt;hr/&gt;&lt;small&gt;Bell Boeing Joint Project Office, Amarillo, Texas, is awarded a $19,558,028 firm-fixed-price delivery order (N0001926F0015) against previously issued basic ordering agreement (N0001922G0002). This order procures 59 Conversion Area Harness Retrofit base and supplemental kits for Marine Corps MV-22 aircraft to upgrade aircraft wiring and associated components to improve reliability and readiness. Work will be performed in Simpsonville, South Carolina (72%); and Fort Worth, Texas (28%), and is expe&lt;/small&gt;</description>
            <styleUrl>#634</styleUrl>
            <Point id="632">
                <coordinates>-82.255371,34.7373045,0.0</coordinates>
            </Point>
        </Placemark>
        <Placemark id="638">
            <name>Lockheed Martin Corp. — $19,256,695</name>
            <description>&lt;b&gt;Lockheed Martin Corp.&lt;/b&gt;&lt;br/&gt;&lt;b&gt;Amount:&lt;/b&gt; $19,256,695&lt;br/&gt;&lt;b&gt;Contract:&lt;/b&gt; N00383-24-F-A501&lt;br/&gt;&lt;b&gt;Branch:&lt;/b&gt; NAVY&lt;br/&gt;&lt;b&gt;Completion:&lt;/b&gt; September 2028&lt;br/&gt;&lt;hr/&gt;&lt;small&gt;Lockheed Martin Corp., Orlando, Florida, is being awarded $19,256,695 for modification (P00004) to definitize order (N00383-24-F-A501) under previously awarded basic ordering agreement (N00383-23-G-A501) to establish firm-fixed prices for fifty-three electronic houses in support of the H-1 helicopter. The contract does not contain an option provision. All work under the contract will be performed in Orlando, Florida, and is expected to be completed by September 2028. Fiscal 2026 working capital &lt;/small&gt;</description>
            <styleUrl>#639</styleUrl>
            <Point id="637">
                <coordinates>-81.379045,28.5421218,0.0</coordinates>
            </Point>
        </Placemark>
        <Placemark id="643">
            <name>BAE Systems and Electronics Inc. — $18,939,896</name>
            <description>&lt;b&gt;BAE Systems and Electronics Inc.&lt;/b&gt;&lt;br/&gt;&lt;b&gt;Amount:&lt;/b&gt; $18,939,896&lt;br/&gt;&lt;b&gt;Contract:&lt;/b&gt; N0016426FM028&lt;br/&gt;&lt;b&gt;Branch:&lt;/b&gt; NAVY&lt;br/&gt;&lt;b&gt;Completion:&lt;/b&gt; September 2028&lt;br/&gt;&lt;hr/&gt;&lt;small&gt;BAE Systems and Electronics Inc., Greenlawn, New York, is awarded an $18,939,896 firm-fixed-price job order off a basic ordering agreement (BOA) (N0016425GJW74) for procurement of 10 combat system mission crew workstations, a component of the P-8A Poseidon in support of PMA-290 Maritime Patrol and Reconnaissance Aircraft. This job order does not include options. Work will be performed in Greenlawn, New York and is expected to be completed by September 2028. Fiscal 2026 aircraft procurement (Navy&lt;/small&gt;</description>
            <styleUrl>#644</styleUrl>
            <Point id="642">
                <coordinates>-73.3651185,40.8689871,0.0</coordinates>
            </Point>
        </Placemark>
        <Placemark id="648">
            <name>Lockheed Martin Rotary and Mission Systems — $18,899,971</name>
            <description>&lt;b&gt;Lockheed Martin Rotary and Mission Systems&lt;/b&gt;&lt;br/&gt;&lt;b&gt;Amount:&lt;/b&gt; $18,899,971&lt;br/&gt;&lt;b&gt;Contract:&lt;/b&gt; FA8730-21-C-0022&lt;br/&gt;&lt;b&gt;Branch:&lt;/b&gt; AIR FORCE&lt;br/&gt;&lt;b&gt;Completion:&lt;/b&gt; June 30, 2029&lt;br/&gt;&lt;hr/&gt;&lt;small&gt;Lockheed Martin Rotary and Mission Systems, Liverpool, New York, has been awarded an $18,899,971 modification (P00092) to a previously awarded contract (FA8730-21-C-0022) for Three-Dimensional Expeditionary Long-Range Radar. The modification brings the total cumulative face value of the contract to $1,010,243,938 from $991,343,967. Work will be performed in Liverpool, New York, and is expected to be completed by June 30, 2029. Fiscal 2024 other procurement funds in the amount of $18,899,971 are &lt;/small&gt;</description>
            <styleUrl>#649</styleUrl>
            <Point id="647">
                <coordinates>-76.217705,43.106456,0.0</coordinates>
            </Point>
        </Placemark>
        <Placemark id="653">
            <name>AM General LLC — $18,757,078</name>
            <description>&lt;b&gt;AM General LLC&lt;/b&gt;&lt;br/&gt;&lt;b&gt;Amount:&lt;/b&gt; $18,757,078&lt;br/&gt;&lt;b&gt;Contract:&lt;/b&gt; &lt;br/&gt;&lt;b&gt;Branch:&lt;/b&gt; DEFENSE LOGISTICS AGENCY&lt;br/&gt;&lt;b&gt;Completion:&lt;/b&gt; &lt;br/&gt;&lt;hr/&gt;&lt;small&gt;AM General LLC, South Bend, Indiana, has been awarded a maximum $18,757,078 firm-fixed-price delivery order (SPRDL1-26-F-0147) against a three-year long-term contract (SPRDL1-24-D-0056) for engines with containers. This was a sole-source acquisition using justification 10 U.S. Code 3204 (a)(1), as stated in Federal Acquisition Regulation 6.302-1. This is a 10-month contract with no option periods. The ordering period end date is July 31, 2027. Using military service is Army. Type of appropriatio&lt;/small&gt;</description>
            <styleUrl>#654</styleUrl>
            <Point id="652">
                <coordinates>-86.2500066,41.6833813,0.0</coordinates>
            </Point>
        </Placemark>
        <Placemark id="658">
            <name>Robertson Fuel Systems — $18,636,940</name>
            <description>&lt;b&gt;Robertson Fuel Systems&lt;/b&gt;&lt;br/&gt;&lt;b&gt;Amount:&lt;/b&gt; $18,636,940&lt;br/&gt;&lt;b&gt;Contract:&lt;/b&gt; N00383-25-G-N901&lt;br/&gt;&lt;b&gt;Branch:&lt;/b&gt; DEFENSE LOGISTICS AGENCY&lt;br/&gt;&lt;b&gt;Completion:&lt;/b&gt; &lt;br/&gt;&lt;hr/&gt;&lt;small&gt;Robertson Fuel Systems, Tempe, Arizona, has been awarded a maximum $18,636,940 firm-fixed-price delivery order (SPRPA1-26-F-N903) issued against a five-year basic ordering agreement (N00383-25-G-N901) for V-22 aircraft tank assembly spare parts. This was a sole-source acquisition using justification 10 U.S. Code 3204 (c)(1), as stated in Federal Acquisition Regulation 6.302-1. This is a three-year contract with no option periods. The performance completion date is Nov. 16, 2029. The using milita&lt;/small&gt;</description>
            <styleUrl>#659</styleUrl>
            <Point id="657">
                <coordinates>-111.940016,33.4255117,0.0</coordinates>
            </Point>
        </Placemark>
        <Placemark id="663">
            <name>Textron Aviation Inc. — $18,557,557</name>
            <description>&lt;b&gt;Textron Aviation Inc.&lt;/b&gt;&lt;br/&gt;&lt;b&gt;Amount:&lt;/b&gt; $18,557,557&lt;br/&gt;&lt;b&gt;Contract:&lt;/b&gt; N0001926C1020&lt;br/&gt;&lt;b&gt;Branch:&lt;/b&gt; NAVY&lt;br/&gt;&lt;b&gt;Completion:&lt;/b&gt; December 2029&lt;br/&gt;&lt;hr/&gt;&lt;small&gt;Textron Aviation Inc., Wichita, Kansas, is awarded an $18,557,557 firm-fixed-price contract to procure one UC-12W+ aircraft and associated spare parts in support of Marine Corps requirements. Work will be performed in Wichita, Kansas (80%); and Chihuahua, Mexico (20%), and is expected to be completed in December 2029. Fiscal 2026 aircraft procurement (Navy) funds in the amount of $18,557,557 will be obligated at the time of award. This contract was not competitively procured. Naval Air Systems C&lt;/small&gt;</description>
            <styleUrl>#664</styleUrl>
            <Point id="662">
                <coordinates>-97.3375448,37.6922361,0.0</coordinates>
            </Point>
        </Placemark>
        <Placemark id="668">
            <name>AAR OEM Distribution – Defense — $18,138,960</name>
            <description>&lt;b&gt;AAR OEM Distribution – Defense&lt;/b&gt;&lt;br/&gt;&lt;b&gt;Amount:&lt;/b&gt; $18,138,960&lt;br/&gt;&lt;b&gt;Contract:&lt;/b&gt; SPRPA1-26-C-XA13&lt;br/&gt;&lt;b&gt;Branch:&lt;/b&gt; DEFENSE LOGISTICS AGENCY&lt;br/&gt;&lt;b&gt;Completion:&lt;/b&gt; &lt;br/&gt;&lt;hr/&gt;&lt;small&gt;AAR OEM Distribution – Defense, Wood Dale, Illinois, has been awarded a maximum $18,138,960 firm-fixed contract for V-22 spare parts. This was a sole-source acquisition using justification 10 U.S. Code 3204 (a)(1), as stated by Federal Acquisition Regulation 6.302-1. This is a three-year four-month contract with no option periods. The performance completion date is Jan. 12, 2030. Using military service is Navy. Type of appropriation is fiscal 2026 through 2030 Navy defense working capital funds.&lt;/small&gt;</description>
            <styleUrl>#669</styleUrl>
            <Point id="667">
                <coordinates>-87.9789562,41.9633625,0.0</coordinates>
            </Point>
        </Placemark>
        <Placemark id="673">
            <name>Northrop Grumman Systems Corp. — $17,809,389</name>
            <description>&lt;b&gt;Northrop Grumman Systems Corp.&lt;/b&gt;&lt;br/&gt;&lt;b&gt;Amount:&lt;/b&gt; $17,809,389&lt;br/&gt;&lt;b&gt;Contract:&lt;/b&gt; N00104-26-C-YA55&lt;br/&gt;&lt;b&gt;Branch:&lt;/b&gt; NAVY&lt;br/&gt;&lt;b&gt;Completion:&lt;/b&gt; August 2028&lt;br/&gt;&lt;hr/&gt;&lt;small&gt;Northrop Grumman Systems Corp., Sunnyvale, California, was awarded $17,809,389 for a firm-fixed-price stand-alone contract for the manufacture of 157 ceramic ball rotating assemblies in support of Navy Virginia-class submarines. The contract does not include an option period. All work will be performed in Sunnyvale, California, and work is expected to be completed by August 2028. Fiscal 2026 working capital (Navy) funds in the contract&amp;#x27;s full amount of $17,809,389 will be obligated at time of aw&lt;/small&gt;</description>
            <styleUrl>#674</styleUrl>
            <Point id="672">
                <coordinates>-122.036349,37.3688301,0.0</coordinates>
            </Point>
        </Placemark>
        <Placemark id="678">
            <name>Eaton Mission Systems Division — $17,198,701</name>
            <description>&lt;b&gt;Eaton Mission Systems Division&lt;/b&gt;&lt;br/&gt;&lt;b&gt;Amount:&lt;/b&gt; $17,198,701&lt;br/&gt;&lt;b&gt;Contract:&lt;/b&gt; FA8213-26-C-0010&lt;br/&gt;&lt;b&gt;Branch:&lt;/b&gt; AIR FORCE&lt;br/&gt;&lt;b&gt;Completion:&lt;/b&gt; March 22, 2029&lt;br/&gt;&lt;hr/&gt;&lt;small&gt;Eaton Mission Systems Division, Davenport, Iowa, has been awarded a $17,198,701 contract for Universal Water Activated Release System (UWARS). This contract provides UWARS units to support and enhance aircrew survivability during water landing. Work will be performed in Davenport, Iowa, and is expected to be completed by March 22, 2029. This contract involves foreign military sales to multiple countries. This contract was a sole source acquisition. Fiscal 2024 procurement funds in the amount of &lt;/small&gt;</description>
            <styleUrl>#679</styleUrl>
            <Point id="677">
                <coordinates>-90.5756401,41.5224692,0.0</coordinates>
            </Point>
        </Placemark>
        <Placemark id="683">
            <name>VACCO Industries — $16,844,319</name>
            <description>&lt;b&gt;VACCO Industries&lt;/b&gt;&lt;br/&gt;&lt;b&gt;Amount:&lt;/b&gt; $16,844,319&lt;br/&gt;&lt;b&gt;Contract:&lt;/b&gt; N00104-26-C-ZA30&lt;br/&gt;&lt;b&gt;Branch:&lt;/b&gt; NAVY&lt;br/&gt;&lt;b&gt;Completion:&lt;/b&gt; May 2032&lt;br/&gt;&lt;hr/&gt;&lt;small&gt;VACCO Industries, South El Monte, California, is awarded $16,844,319 for a fixed-price contract with economic price adjustment for the procurement of thirty-one hovering and depth control (HDC) press valves and eleven HDC vent valves for use on Navy Virginia-class submarines. The contract does not contain an option provision. All work under the contract will be performed in South El Monte, California, and is expected to be completed by May 2032. Fiscal 2026 working capital funds (Navy) represent&lt;/small&gt;</description>
            <styleUrl>#684</styleUrl>
            <Point id="682">
                <coordinates>-118.0467339,34.0519548,0.0</coordinates>
            </Point>
        </Placemark>
        <Placemark id="688">
            <name>M M Manufacturing LLC — $16,485,434</name>
            <description>&lt;b&gt;M M Manufacturing LLC&lt;/b&gt;&lt;br/&gt;&lt;b&gt;Amount:&lt;/b&gt; $16,485,434&lt;br/&gt;&lt;b&gt;Contract:&lt;/b&gt; SPE1C1-26-D-0094&lt;br/&gt;&lt;b&gt;Branch:&lt;/b&gt; DEFENSE LOGISTICS AGENCY&lt;br/&gt;&lt;b&gt;Completion:&lt;/b&gt; &lt;br/&gt;&lt;hr/&gt;&lt;small&gt;M M Manufacturing LLC,* Lajas, Puerto Rico, has been awarded a maximum $16,485,434 firm-fixed-price, indefinite-delivery/indefinite-quantity contract for soft shell cold weather parkas. This was a competitive acquisition with nine responses received. This is an 18-month contract with no option periods. The ordering period end date is March 24, 2028. Using military service is Army. Type of appropriation is fiscal 2026 through 2028 defense working capital funds. The contracting activity is Defense&lt;/small&gt;</description>
            <styleUrl>#689</styleUrl>
            <Point id="687">
                <coordinates>-67.059692,18.0504656,0.0</coordinates>
            </Point>
        </Placemark>
        <Placemark id="693">
            <name>Moran Iron Works Inc. — $16,429,613</name>
            <description>&lt;b&gt;Moran Iron Works Inc.&lt;/b&gt;&lt;br/&gt;&lt;b&gt;Amount:&lt;/b&gt; $16,429,613&lt;br/&gt;&lt;b&gt;Contract:&lt;/b&gt; W91237-26-C-A006&lt;br/&gt;&lt;b&gt;Branch:&lt;/b&gt; ARMY&lt;br/&gt;&lt;b&gt;Completion:&lt;/b&gt; &lt;br/&gt;&lt;hr/&gt;&lt;small&gt;Moran Iron Works Inc.,* Onamay, Michigan, was awarded a $16,429,613 firm-fixed-price contract for miter gate fabrication for the Captain Anthony Meldahl (CAM) Lock and Dam. Bids were solicited via the internet with six received. Work will be performed in Felicity, Ohio with an estimated completion date of Oct. 31, 2029. Fiscal 2026 operation and maintenance, civil funds in the amount of $16,429,613 were obligated at the time of the award. U.S. Army Corps of Engineers, Huntington, West Virginia, &lt;/small&gt;</description>
            <styleUrl>#694</styleUrl>
            <Point id="692">
                <coordinates>-84.6824346,43.6211955,0.0</coordinates>
            </Point>
        </Placemark>
        <Placemark id="698">
            <name>Castelion Corp. — $16,369,996</name>
            <description>&lt;b&gt;Castelion Corp.&lt;/b&gt;&lt;br/&gt;&lt;b&gt;Amount:&lt;/b&gt; $16,369,996&lt;br/&gt;&lt;b&gt;Contract:&lt;/b&gt; FA2385-23-C-B007&lt;br/&gt;&lt;b&gt;Branch:&lt;/b&gt; AIR FORCE&lt;br/&gt;&lt;b&gt;Completion:&lt;/b&gt; June 30, 2028&lt;br/&gt;&lt;hr/&gt;&lt;small&gt;Castelion Corp., Torrance, California, has been awarded a $16,369,996 modification (P00014) to a previously awarded contract (FA2385-23-C-B007) for low-cost highly manufacturable long-range strike weapon production. The modification brings the total cumulative face value of the contract to $37,227,512 from $20,857,516. Work will be performed at Torrance, California, and is expected to be completed by June 30, 2028. Fiscal 2025 research, development, test and evaluation funds in the amount of $16&lt;/small&gt;</description>
            <styleUrl>#699</styleUrl>
            <Point id="697">
                <coordinates>-118.3413606,33.8371392,0.0</coordinates>
            </Point>
        </Placemark>
        <Placemark id="703">
            <name>The Boeing Co. — $16,184,860</name>
            <description>&lt;b&gt;The Boeing Co.&lt;/b&gt;&lt;br/&gt;&lt;b&gt;Amount:&lt;/b&gt; $16,184,860&lt;br/&gt;&lt;b&gt;Contract:&lt;/b&gt; &lt;br/&gt;&lt;b&gt;Branch:&lt;/b&gt; DEFENSE LOGISTICS AGENCY&lt;br/&gt;&lt;b&gt;Completion:&lt;/b&gt; &lt;br/&gt;&lt;hr/&gt;&lt;small&gt;The Boeing Co., Layton, Utah, has been awarded a maximum $16,184,860 firm-fixed-price contract for intercontinental ballistic missile door launchers. This was a sole-source acquisition using justification 10 U.S. Code 3204 (a)(1), as stated in Federal Acquisition Regulation 6.302-1. This is a four-year one-month contract with no option periods. The performance completion date is September 30, 2030. Using military service is Air Force. Type of appropriation is fiscal 2026 defense working capital &lt;/small&gt;</description>
            <styleUrl>#704</styleUrl>
            <Point id="702">
                <coordinates>-111.9741925,41.0751048,0.0</coordinates>
            </Point>
        </Placemark>
        <Placemark id="708">
            <name>Moog Military Aircraft LLC — $15,834,000</name>
            <description>&lt;b&gt;Moog Military Aircraft LLC&lt;/b&gt;&lt;br/&gt;&lt;b&gt;Amount:&lt;/b&gt; $15,834,000&lt;br/&gt;&lt;b&gt;Contract:&lt;/b&gt; SPRPA1-26-C-VA50&lt;br/&gt;&lt;b&gt;Branch:&lt;/b&gt; DEFENSE LOGISTICS AGENCY&lt;br/&gt;&lt;b&gt;Completion:&lt;/b&gt; &lt;br/&gt;&lt;hr/&gt;&lt;small&gt;Moog Military Aircraft LLC, Elma, New York, has been awarded a maximum $15,834,000 firm-fixed-price contract for analog to digital converters. This was a sole-source acquisition using justification 10 U.S. Code 3204 (c)(2), as stated in Federal Acquisition Regulation 6.302‐1. This is a three-year contract with no option periods. The performance completion date is Dec. 30, 2029. Using military service is Navy. Type of appropriation is fiscal 2026 through 2029 Navy working capital funds. The contr&lt;/small&gt;</description>
            <styleUrl>#709</styleUrl>
            <Point id="707">
                <coordinates>-78.6372216,42.8237145,0.0</coordinates>
            </Point>
        </Placemark>
        <Placemark id="713">
            <name>AM General LLC — $14,936,206</name>
            <description>&lt;b&gt;AM General LLC&lt;/b&gt;&lt;br/&gt;&lt;b&gt;Amount:&lt;/b&gt; $14,936,206&lt;br/&gt;&lt;b&gt;Contract:&lt;/b&gt; &lt;br/&gt;&lt;b&gt;Branch:&lt;/b&gt; ARMY&lt;br/&gt;&lt;b&gt;Completion:&lt;/b&gt; &lt;br/&gt;&lt;hr/&gt;&lt;small&gt;AM General LLC, South Bend, Indiana, was awarded a $14,936,206 modification (P00001) to contract (W912CH-26-F-0380) to procure M1151A1B1 and M1152A1 High Mobility Multipurpose Wheeled Vehicles. This modification brings the total cumulative face value to $3,228,319,614. One bid was solicited with one received. Work locations and funding will be determined with each order, with an estimated completion date of May 31, 2027. U.S. Army Contracting Command, Detroit Arsenal, Michigan, is the contractin&lt;/small&gt;</description>
            <styleUrl>#714</styleUrl>
            <Point id="712">
                <coordinates>-86.2500066,41.6833813,0.0</coordinates>
            </Point>
        </Placemark>
        <Placemark id="718">
            <name>Trace3 Government LLC — $14,498,900</name>
            <description>&lt;b&gt;Trace3 Government LLC&lt;/b&gt;&lt;br/&gt;&lt;b&gt;Amount:&lt;/b&gt; $14,498,900&lt;br/&gt;&lt;b&gt;Contract:&lt;/b&gt; FA8723-26-F-B005&lt;br/&gt;&lt;b&gt;Branch:&lt;/b&gt; AIR FORCE&lt;br/&gt;&lt;b&gt;Completion:&lt;/b&gt; Sept. 24, 2028&lt;br/&gt;&lt;hr/&gt;&lt;small&gt;Trace3 Government LLC, Colorado Springs, Colorado, has been awarded a $14,498,900 firm-fixed-price contract for Oracle/Red Hat Enterprise Linux technical refresh. This contract provides for mission system hardware and software technology refresh. Work will be performed at Peterson Space Force Base, Colorado; Cheyenne Mountain Space Force Station, Colorado; and Offutt Air Force Base, Nebraska, and is expected to be completed by Sept. 24, 2028. This contract was a competitive acquisition, and thre&lt;/small&gt;</description>
            <styleUrl>#719</styleUrl>
            <Point id="717">
                <coordinates>-104.7004494,38.8222878,0.0</coordinates>
            </Point>
        </Placemark>
        <Placemark id="723">
            <name>Pacific Scientific Energetic Materials Co. — $14,350,167</name>
            <description>&lt;b&gt;Pacific Scientific Energetic Materials Co.&lt;/b&gt;&lt;br/&gt;&lt;b&gt;Amount:&lt;/b&gt; $14,350,167&lt;br/&gt;&lt;b&gt;Contract:&lt;/b&gt; N00104-26-C-K009&lt;br/&gt;&lt;b&gt;Branch:&lt;/b&gt; NAVY&lt;br/&gt;&lt;b&gt;Completion:&lt;/b&gt; March 2029&lt;br/&gt;&lt;hr/&gt;&lt;small&gt;Pacific Scientific Energetic Materials Co., Hollister, California, was awarded $14,350,167 for a firm-fixed-price contract for the procurement of 46 configurations of shielded mild detonating cords for use on F/A-18, AV8B and T-45 aircraft canopy removal systems. The contract does not include an option period. All work will be performed in Hollister, California, and work is expected to be completed by March 2029. This announcement involves Foreign Military Sales (FMS) to Finland (13%), Kuwait (7&lt;/small&gt;</description>
            <styleUrl>#724</styleUrl>
            <Point id="722">
                <coordinates>-121.4016021,36.8524545,0.0</coordinates>
            </Point>
        </Placemark>
        <Placemark id="728">
            <name>Northrop Grumman Systems Corp. — $14,179,813</name>
            <description>&lt;b&gt;Northrop Grumman Systems Corp.&lt;/b&gt;&lt;br/&gt;&lt;b&gt;Amount:&lt;/b&gt; $14,179,813&lt;br/&gt;&lt;b&gt;Contract:&lt;/b&gt; SPRTA1-26-C-0170&lt;br/&gt;&lt;b&gt;Branch:&lt;/b&gt; DEFENSE LOGISTICS AGENCY&lt;br/&gt;&lt;b&gt;Completion:&lt;/b&gt; &lt;br/&gt;&lt;hr/&gt;&lt;small&gt;Northrop Grumman Systems Corp., Oklahoma City, Oklahoma, has been awarded an estimated $14,179,813 firm-fixed-price contract for the manufacture and production of B-2 alarm controls. This was a sole-source acquisition using justification 10 U.S. Code 3204 (a)(1), as stated in Federal Acquisition Regulation 6.103-1. This is a three-year contract with no option periods. The performance completion date is Dec. 31, 2029. Using military service is Air Force. Type of appropriation is fiscal 2026 defen&lt;/small&gt;</description>
            <styleUrl>#729</styleUrl>
            <Point id="727">
                <coordinates>-97.5170536,35.4729886,0.0</coordinates>
            </Point>
        </Placemark>
        <Placemark id="733">
            <name>OCCI Inc. — $14,121,862</name>
            <description>&lt;b&gt;OCCI Inc.&lt;/b&gt;&lt;br/&gt;&lt;b&gt;Amount:&lt;/b&gt; $14,121,862&lt;br/&gt;&lt;b&gt;Contract:&lt;/b&gt; W912EK-26-C-A036&lt;br/&gt;&lt;b&gt;Branch:&lt;/b&gt; ARMY&lt;br/&gt;&lt;b&gt;Completion:&lt;/b&gt; &lt;br/&gt;&lt;hr/&gt;&lt;small&gt;OCCI Inc., Fulton, Missouri, was awarded a firm-fixed-price contract to replace nine Tainter gates for Lock 21 on the Mississippi River, including fabrication and delivery. The amount of this action is $14,121,862 with a total cumulative face value of $27,918,934. Bids were solicited via the internet with six received. Work will be performed in Fulton, Missouri, with an estimated completion date of Aug. 22, 2031. Fiscal 2026 civil operation and maintenance funds in the amount of $14,121,862 were&lt;/small&gt;</description>
            <styleUrl>#734</styleUrl>
            <Point id="732">
                <coordinates>-91.9479586,38.8467082,0.0</coordinates>
            </Point>
        </Placemark>
        <Placemark id="738">
            <name>The Boeing Co. — $13,834,325</name>
            <description>&lt;b&gt;The Boeing Co.&lt;/b&gt;&lt;br/&gt;&lt;b&gt;Amount:&lt;/b&gt; $13,834,325&lt;br/&gt;&lt;b&gt;Contract:&lt;/b&gt; &lt;br/&gt;&lt;b&gt;Branch:&lt;/b&gt; DEFENSE LOGISTICS AGENCY&lt;br/&gt;&lt;b&gt;Completion:&lt;/b&gt; &lt;br/&gt;&lt;hr/&gt;&lt;small&gt;The Boeing Co., Oklahoma City, Oklahoma, has been awarded an estimated $13,834,325 cost-plus-fixed-fee definitized modification (P00003) to delivery order (SPRTA1-24-F-0323) issued against a five-year subsumable base contract (SPRPA1-24-D-001E) for the manufacture and production of KC-135 fan duct transactional spares. This was a sole-source acquisition using justification 10 U.S. Code 3204 (a)(1), as stated in Federal Acquisition Regulation 6.103-1. This is an eight-year contract with no option&lt;/small&gt;</description>
            <styleUrl>#739</styleUrl>
            <Point id="737">
                <coordinates>-97.5170536,35.4729886,0.0</coordinates>
            </Point>
        </Placemark>
        <Placemark id="743">
            <name> — $13,763,859</name>
            <description>&lt;b&gt;&lt;/b&gt;&lt;br/&gt;&lt;b&gt;Amount:&lt;/b&gt; $13,763,859&lt;br/&gt;&lt;b&gt;Contract:&lt;/b&gt; N6134017C0007&lt;br/&gt;&lt;b&gt;Branch:&lt;/b&gt; NAVY&lt;br/&gt;&lt;b&gt;Completion:&lt;/b&gt; September 2028&lt;br/&gt;&lt;hr/&gt;&lt;small&gt;Rockwell Collins Inc., Government Systems, Cedar Rapids, Iowa, is awarded a $13,763,859 modification (P00075) to a previously awarded firm-fixed-price contract (N6134017C0007). This modification establishes contract line items to provide full rate production III supplemental spares, shipping containers, security and software support, engineering changes, site support, and other equipment and services in support of the Tactical Combat Training System II program for the Navy. Work will be performe&lt;/small&gt;</description>
            <styleUrl>#744</styleUrl>
            <Point id="742">
                <coordinates>-91.6704053,41.9758872,0.0</coordinates>
            </Point>
        </Placemark>
        <Placemark id="748">
            <name>Lockheed Martin Missile and Fire Control — $13,168,410</name>
            <description>&lt;b&gt;Lockheed Martin Missile and Fire Control&lt;/b&gt;&lt;br/&gt;&lt;b&gt;Amount:&lt;/b&gt; $13,168,410&lt;br/&gt;&lt;b&gt;Contract:&lt;/b&gt; FA8682-19-C-0008&lt;br/&gt;&lt;b&gt;Branch:&lt;/b&gt; AIR FORCE&lt;br/&gt;&lt;b&gt;Completion:&lt;/b&gt; Nov. 29, 2028&lt;br/&gt;&lt;hr/&gt;&lt;small&gt;Lockheed Martin Missile and Fire Control, Orlando, Florida, has been awarded a $13,168,410 modification (P00033) to a previously awarded contract (FA8682-19-C-0008) for Joint Air-to-Surface Standoff Missile Inventory Increase Integrated Product Team Facilitization Phase IV-B: tooling and test equipment for Increased Long Range Anti-Ship Missile production. The modification brings the total cumulative face value of the contract to $476,116,828 from $462,948,418. Work will be performed at Orlando,&lt;/small&gt;</description>
            <styleUrl>#749</styleUrl>
            <Point id="747">
                <coordinates>-81.379045,28.5421218,0.0</coordinates>
            </Point>
        </Placemark>
        <Placemark id="753">
            <name>Raytheon Technologies Corp. — $13,058,854</name>
            <description>&lt;b&gt;Raytheon Technologies Corp.&lt;/b&gt;&lt;br/&gt;&lt;b&gt;Amount:&lt;/b&gt; $13,058,854&lt;br/&gt;&lt;b&gt;Contract:&lt;/b&gt; &lt;br/&gt;&lt;b&gt;Branch:&lt;/b&gt; DEFENSE LOGISTICS AGENCY&lt;br/&gt;&lt;b&gt;Completion:&lt;/b&gt; &lt;br/&gt;&lt;hr/&gt;&lt;small&gt;Raytheon Technologies Corp., East Hartford, Connecticut, has been awarded an estimated $13,058,854 modification (P0002) to a two-year delivery order (SPRTA1-22-F-0162) issued against a five-year basic ordering agreement (SPE4AX-20-D-R001) with no option periods for cost redetermination for the manufacture of TF33 Anti-friction bearing housings. This is a firm-fixed-price contract. The performance completion date is Sept. 14, 2028. Using military service is Air Force. Type of appropriation is fis&lt;/small&gt;</description>
            <styleUrl>#754</styleUrl>
            <Point id="752">
                <coordinates>-72.644512,41.767914,0.0</coordinates>
            </Point>
        </Placemark>
        <Placemark id="758">
            <name>Hardwick Tactical Corp. — $12,929,445</name>
            <description>&lt;b&gt;Hardwick Tactical Corp.&lt;/b&gt;&lt;br/&gt;&lt;b&gt;Amount:&lt;/b&gt; $12,929,445&lt;br/&gt;&lt;b&gt;Contract:&lt;/b&gt; &lt;br/&gt;&lt;b&gt;Branch:&lt;/b&gt; DEFENSE LOGISTICS AGENCY&lt;br/&gt;&lt;b&gt;Completion:&lt;/b&gt; &lt;br/&gt;&lt;hr/&gt;&lt;small&gt;Hardwick Tactical Corp.,* Mayaguez, Puerto Rico, has been awarded a maximum $12,929,445 modification (P00008) exercising the second one-year option period of a one-year base contract (SPE1C1-24-D-0038) with four one-year option periods for extreme cold weather parkas. This is a firm-fixed-price, indefinite-delivery/indefinite-quantity contract. The ordering period end date is Sept. 25, 2027. Using military services are Army and Marine Corps. Type of appropriation is fiscal 2026 through 2027 defe&lt;/small&gt;</description>
            <styleUrl>#759</styleUrl>
            <Point id="757">
                <coordinates>-67.1391124,18.2011161,0.0</coordinates>
            </Point>
        </Placemark>
        <Placemark id="763">
            <name>Exiger Government Solutions — $12,700,000</name>
            <description>&lt;b&gt;Exiger Government Solutions&lt;/b&gt;&lt;br/&gt;&lt;b&gt;Amount:&lt;/b&gt; $12,700,000&lt;br/&gt;&lt;b&gt;Contract:&lt;/b&gt; W9128Z-26-C-A019&lt;br/&gt;&lt;b&gt;Branch:&lt;/b&gt; ARMY&lt;br/&gt;&lt;b&gt;Completion:&lt;/b&gt; &lt;br/&gt;&lt;hr/&gt;&lt;small&gt;Exiger Government Solutions, McLean, Virginia, was awarded a $12,700,000 firm-fixed-price contract for a software subscription license. Bids were solicited via the internet with one received. Work will be performed in McLean, Virginia, with an estimated completion date of Sept. 29, 2027. Fiscal 2026 operation and maintenance, Army funds in the amount of $12,700,000 were obligated at the time of the award. Army Contracting Command, Aberdeen Proving Ground, Maryland, is the contracting activity (W&lt;/small&gt;</description>
            <styleUrl>#764</styleUrl>
            <Point id="762">
                <coordinates>-77.1776327,38.9342888,0.0</coordinates>
            </Point>
        </Placemark>
        <Placemark id="768">
            <name>ACM Elite LLC — $12,173,634</name>
            <description>&lt;b&gt;ACM Elite LLC&lt;/b&gt;&lt;br/&gt;&lt;b&gt;Amount:&lt;/b&gt; $12,173,634&lt;br/&gt;&lt;b&gt;Contract:&lt;/b&gt; &lt;br/&gt;&lt;b&gt;Branch:&lt;/b&gt; DEFENSE LOGISTICS AGENCY&lt;br/&gt;&lt;b&gt;Completion:&lt;/b&gt; &lt;br/&gt;&lt;hr/&gt;&lt;small&gt;ACM Elite LLC, Stevensville, Montana, has been awarded a maximum $12,173,634 firm-fixed-price, indefinite-delivery/indefinite-quantity contract for shipping and storage containers. This was a sole-source acquisition using justification 10 U.S. Code 3204 (a)(1), as stated in Federal Acquisition Regulation 6.103-1. This is a five-year contract with no option periods. The performance completion date is Sept. 28, 2031. Using military service is Army. Type of appropriation is fiscal 2026 Army working&lt;/small&gt;</description>
            <styleUrl>#769</styleUrl>
            <Point id="767">
                <coordinates>-114.094385,46.510407,0.0</coordinates>
            </Point>
        </Placemark>
        <Placemark id="773">
            <name>Weibel Equipment Inc. — $12,130,705</name>
            <description>&lt;b&gt;Weibel Equipment Inc.&lt;/b&gt;&lt;br/&gt;&lt;b&gt;Amount:&lt;/b&gt; $12,130,705&lt;br/&gt;&lt;b&gt;Contract:&lt;/b&gt; &lt;br/&gt;&lt;b&gt;Branch:&lt;/b&gt; DEFENSE LOGISTICS AGENCY&lt;br/&gt;&lt;b&gt;Completion:&lt;/b&gt; &lt;br/&gt;&lt;hr/&gt;&lt;small&gt;Weibel Equipment Inc.,* Reston, Virginia, has been awarded a maximum $12,130,705 firm-fixed-price, indefinite-delivery/indefinite-quantity contract for muzzle velocity radar systems and containers. This was a sole-source acquisition using justification 10 U.S. Code 3204 (a)(1), as stated in Federal Acquisition Regulation 6.302-1. This is a three-year contract with no option periods. The performance completion date is Sept. 21, 2029. Using military service is Army. Type of appropriation is fiscal&lt;/small&gt;</description>
            <styleUrl>#774</styleUrl>
            <Point id="772">
                <coordinates>-77.3585955,38.9587514,0.0</coordinates>
            </Point>
        </Placemark>
        <Placemark id="778">
            <name>Lockheed Martin Aeronautics Co. — $12,127,945</name>
            <description>&lt;b&gt;Lockheed Martin Aeronautics Co.&lt;/b&gt;&lt;br/&gt;&lt;b&gt;Amount:&lt;/b&gt; $12,127,945&lt;br/&gt;&lt;b&gt;Contract:&lt;/b&gt; N0001924F2584&lt;br/&gt;&lt;b&gt;Branch:&lt;/b&gt; NAVY&lt;br/&gt;&lt;b&gt;Completion:&lt;/b&gt; January 2032&lt;br/&gt;&lt;hr/&gt;&lt;small&gt;Lockheed Martin Aeronautics Co., Fort Worth, Texas, is awarded a $12,127,945 modification (P0002) to a cost-plus-fixed-fee order (N0001924F2584) against a previously issued basic ordering agreement (N0001924G0010). This modification adds scope to provide for diminishing manufacturing sources and material shortages redesign number eight to redesign the Fuselage Remote Interface Unit A2 High Bandwidth Assembly to remove the obsolete Programmable Video Sync Generator from the existing design in sup&lt;/small&gt;</description>
            <styleUrl>#779</styleUrl>
            <Point id="777">
                <coordinates>-97.3327459,32.753177,0.0</coordinates>
            </Point>
        </Placemark>
        <Placemark id="783">
            <name>Petro Marine Services Inc. — $12,016,632</name>
            <description>&lt;b&gt;Petro Marine Services Inc.&lt;/b&gt;&lt;br/&gt;&lt;b&gt;Amount:&lt;/b&gt; $12,016,632&lt;br/&gt;&lt;b&gt;Contract:&lt;/b&gt; SPE605-26-D-1004&lt;br/&gt;&lt;b&gt;Branch:&lt;/b&gt; DEFENSE LOGISTICS AGENCY&lt;br/&gt;&lt;b&gt;Completion:&lt;/b&gt; &lt;br/&gt;&lt;hr/&gt;&lt;small&gt;Petro Marine Services Inc., Seward, Alaska, has been awarded a minimum $12,016,632 fixed-price with economic-price adjustment contract for FS1 fuel oil burners. This was a competitive acquisition with 11 responses received. This is a five-year contract with one six-month option period. The performance completion date is March 31, 2031. Using customers are Coast Guard and federal civilian agencies. Type of appropriation is fiscal 2027 through 2031 defense working capital funds. The contracting ac&lt;/small&gt;</description>
            <styleUrl>#784</styleUrl>
            <Point id="782">
                <coordinates>-149.4404281,60.1013952,0.0</coordinates>
            </Point>
        </Placemark>
        <Placemark id="788">
            <name>Petro Marine Services Inc. — $12,016,632</name>
            <description>&lt;b&gt;Petro Marine Services Inc.&lt;/b&gt;&lt;br/&gt;&lt;b&gt;Amount:&lt;/b&gt; $12,016,632&lt;br/&gt;&lt;b&gt;Contract:&lt;/b&gt; SPE605-26-D-1004&lt;br/&gt;&lt;b&gt;Branch:&lt;/b&gt; DEFENSE LOGISTICS AGENCY&lt;br/&gt;&lt;b&gt;Completion:&lt;/b&gt; &lt;br/&gt;&lt;hr/&gt;&lt;small&gt;Petro Marine Services Inc., Seward, Alaska, has been awarded a minimum $12,016,632 fixed-price with economic-price adjustment contract for FS1 fuel oil burners. This was a competitive acquisition with 11 responses received. This is a five-year contract with one six-month option period. The performance completion date is March 31, 2031. Using customers are Coast Guard and federal civilian agencies. Type of appropriation is fiscal 2027 through 2031 defense working capital funds. The contracting ac&lt;/small&gt;</description>
            <styleUrl>#789</styleUrl>
            <Point id="787">
                <coordinates>-149.4404281,60.1013952,0.0</coordinates>
            </Point>
        </Placemark>
        <Placemark id="793">
            <name>Fairwinds Technologies LLC — $11,744,357</name>
            <description>&lt;b&gt;Fairwinds Technologies LLC&lt;/b&gt;&lt;br/&gt;&lt;b&gt;Amount:&lt;/b&gt; $11,744,357&lt;br/&gt;&lt;b&gt;Contract:&lt;/b&gt; N00104-26-F-E63T&lt;br/&gt;&lt;b&gt;Branch:&lt;/b&gt; NAVY&lt;br/&gt;&lt;b&gt;Completion:&lt;/b&gt; August 2029&lt;br/&gt;&lt;hr/&gt;&lt;small&gt;Fairwinds Technologies LLC,* Annapolis, Maryland, is awarded $11,744,357 for firm-fixed-price delivery order N00104-26-F-E63T under previously awarded Defense Logistics Agency Maritime Acquisition Advancement Contract multiple-award, indefinite-delivery contract SPRMM125CMD01 for the repair of 100 electron tubes in support of the Navy’s Close-In Weapon System. The delivery order does not include an option provision. All work is expected to be completed by August 2029 and will be performed in Pal&lt;/small&gt;</description>
            <styleUrl>#794</styleUrl>
            <Point id="792">
                <coordinates>-76.492786,38.9786401,0.0</coordinates>
            </Point>
        </Placemark>
        <Placemark id="798">
            <name>General Electric Co. — $11,713,066</name>
            <description>&lt;b&gt;General Electric Co.&lt;/b&gt;&lt;br/&gt;&lt;b&gt;Amount:&lt;/b&gt; $11,713,066&lt;br/&gt;&lt;b&gt;Contract:&lt;/b&gt; &lt;br/&gt;&lt;b&gt;Branch:&lt;/b&gt; DEFENSE LOGISTICS AGENCY&lt;br/&gt;&lt;b&gt;Completion:&lt;/b&gt; &lt;br/&gt;&lt;hr/&gt;&lt;small&gt;General Electric Co., Cincinnati, Ohio, has been awarded an estimated $11,713,066 firm-fixed-price delivery order (SPRTA1-26-F-2230) issued against a five-year basic ordering agreement (SPE4A1-24-G-0014) or the manufacture of F108 aircraft stator case and vane assemblies. This is a five-year contract with no option periods. The performance completion date is Oct. 31, 2031. Using military service is Air Force. Type of appropriation is fiscal 2026 defense working capital funds. The contracting act&lt;/small&gt;</description>
            <styleUrl>#799</styleUrl>
            <Point id="797">
                <coordinates>-84.5127405,39.1012809,0.0</coordinates>
            </Point>
        </Placemark>
        <Placemark id="803">
            <name>BAE Systems Information and Electronic Systems Integration — $11,585,348</name>
            <description>&lt;b&gt;BAE Systems Information and Electronic Systems Integration&lt;/b&gt;&lt;br/&gt;&lt;b&gt;Amount:&lt;/b&gt; $11,585,348&lt;br/&gt;&lt;b&gt;Contract:&lt;/b&gt; N0001923C0052&lt;br/&gt;&lt;b&gt;Branch:&lt;/b&gt; NAVY&lt;br/&gt;&lt;b&gt;Completion:&lt;/b&gt; June 2028&lt;br/&gt;&lt;hr/&gt;&lt;small&gt;BAE Systems Information and Electronic Systems Integration, Nashua, New Hampshire, is awarded an $11,585,348 modification (P00015) to previously awarded contract N0001923C0052. This modification adds scope to procure three OE-120/UPX Antenna group systems, two retrofit kits, four installation and checkout kits, one Delta installation and checkout kit, one OE-4729/UPX Delta material kit, testing, production support, and technical data requirements for the Navy and the government of Japan. Work wi&lt;/small&gt;</description>
            <styleUrl>#804</styleUrl>
            <Point id="802">
                <coordinates>-71.4677032,42.7656251,0.0</coordinates>
            </Point>
        </Placemark>
        <Placemark id="808">
            <name>Raytheon — $11,571,421</name>
            <description>&lt;b&gt;Raytheon&lt;/b&gt;&lt;br/&gt;&lt;b&gt;Amount:&lt;/b&gt; $11,571,421&lt;br/&gt;&lt;b&gt;Contract:&lt;/b&gt; N00024-22-C-5400&lt;br/&gt;&lt;b&gt;Branch:&lt;/b&gt; NAVY&lt;br/&gt;&lt;b&gt;Completion:&lt;/b&gt; December 2029&lt;br/&gt;&lt;hr/&gt;&lt;small&gt;Raytheon, Tucson, Arizona, was awarded an $11,571,421 firm-fixed-price modification to previously awarded contract (N00024-22-C-5400) to support the procurement of spare parts for Seeker Head Assemblies for Rolling Airframe Missile (RAM) Block 1/2 Guided Missile Round Pack requirements. Work will be performed in Tucson, Arizona (92%); Richardson, Texas (7%); and various other U.S. locations (cumulative of 1%), and is expected to be completed by December 2029. Fiscal 2026 weapons procurement (Nav&lt;/small&gt;</description>
            <styleUrl>#809</styleUrl>
            <Point id="807">
                <coordinates>-110.974847,32.2228765,0.0</coordinates>
            </Point>
        </Placemark>
        <Placemark id="813">
            <name>LAD Services of Louisiana LLC — $11,520,000</name>
            <description>&lt;b&gt;LAD Services of Louisiana LLC&lt;/b&gt;&lt;br/&gt;&lt;b&gt;Amount:&lt;/b&gt; $11,520,000&lt;br/&gt;&lt;b&gt;Contract:&lt;/b&gt; W912BU-26-C-A043&lt;br/&gt;&lt;b&gt;Branch:&lt;/b&gt; ARMY&lt;br/&gt;&lt;b&gt;Completion:&lt;/b&gt; &lt;br/&gt;&lt;hr/&gt;&lt;small&gt;LAD Services of Louisiana LLC,* Morgan City, Louisiana, was awarded an $11,520,000 firm-fixed-price contract to acquire three new welded steel barges. Bids were solicited via the internet with six received. Work will be performed in Morgan City, Louisiana, with an estimated completion date of June 16, 2028. Fiscal 2026 defense revolving funds in the amount of $11,520,000 were obligated at the time of the award. U.S. Army Corps of Engineers, Philadelphia, Pennsylvania, is the contracting activity&lt;/small&gt;</description>
            <styleUrl>#814</styleUrl>
            <Point id="812">
                <coordinates>-91.20677,29.6993748,0.0</coordinates>
            </Point>
        </Placemark>
        <Placemark id="818">
            <name>G &amp; G Steel Inc. — $11,497,944</name>
            <description>&lt;b&gt;G &amp;amp; G Steel Inc.&lt;/b&gt;&lt;br/&gt;&lt;b&gt;Amount:&lt;/b&gt; $11,497,944&lt;br/&gt;&lt;b&gt;Contract:&lt;/b&gt; W912QR-26-F-A264&lt;br/&gt;&lt;b&gt;Branch:&lt;/b&gt; ARMY&lt;br/&gt;&lt;b&gt;Completion:&lt;/b&gt; &lt;br/&gt;&lt;hr/&gt;&lt;small&gt;G &amp;amp; G Steel Inc.,* Russellville, Alabama, was awarded an $11,497,944 firm-fixed-price, indefinite-delivery/indefinite-quantity contract for removal, fabrication, delivery, and installation of culvert valve assemblies for the main lock chamber at Cannelton Locks and Dam. The amount of this action is $11,497,944 with a total cumulative face value of $14,642,943. Bids were solicited via the internet with three received. Work locations and funding will be determined with each order, with an estimate&lt;/small&gt;</description>
            <styleUrl>#819</styleUrl>
            <Point id="817">
                <coordinates>-87.7300015,34.5041961,0.0</coordinates>
            </Point>
        </Placemark>
        <Placemark id="823">
            <name>G &amp; G Steel Inc. — $11,497,944</name>
            <description>&lt;b&gt;G &amp;amp; G Steel Inc.&lt;/b&gt;&lt;br/&gt;&lt;b&gt;Amount:&lt;/b&gt; $11,497,944&lt;br/&gt;&lt;b&gt;Contract:&lt;/b&gt; W912QR-26-F-A264&lt;br/&gt;&lt;b&gt;Branch:&lt;/b&gt; ARMY&lt;br/&gt;&lt;b&gt;Completion:&lt;/b&gt; &lt;br/&gt;&lt;hr/&gt;&lt;small&gt;G &amp;amp; G Steel Inc.,* Russellville, Alabama, was awarded an $11,497,944 firm-fixed-price, indefinite-delivery/indefinite-quantity contract for removal, fabrication, delivery, and installation of culvert valve assemblies for the main lock chamber at Cannelton Locks and Dam. The amount of this action is $11,497,944 with a total cumulative face value of $14,642,943. Bids were solicited via the internet with three received. Work locations and funding will be determined with each order, with an estimate&lt;/small&gt;</description>
            <styleUrl>#824</styleUrl>
            <Point id="822">
                <coordinates>-87.7300015,34.5041961,0.0</coordinates>
            </Point>
        </Placemark>
        <Placemark id="828">
            <name>Keysight Technologies Inc. — $11,376,546</name>
            <description>&lt;b&gt;Keysight Technologies Inc.&lt;/b&gt;&lt;br/&gt;&lt;b&gt;Amount:&lt;/b&gt; $11,376,546&lt;br/&gt;&lt;b&gt;Contract:&lt;/b&gt; M67854-26-D-5110&lt;br/&gt;&lt;b&gt;Branch:&lt;/b&gt; NAVY&lt;br/&gt;&lt;b&gt;Completion:&lt;/b&gt; September 2030&lt;br/&gt;&lt;hr/&gt;&lt;small&gt;Keysight Technologies Inc., Colorado Springs, Colorado, was awarded an $11,376,546 firm-fixed-price, sole-source, indefinite-delivery/indefinite-quantity contract for the Microwave Radio Test Sets (MRTS). This contract provides calibration, repair, and other operations and maintenance support for the existing inventory of MRTS and for the procurement of new MRTS units. The ordering period will be a maximum of four years and is expected to be completed in September 2030. Work will be performed in&lt;/small&gt;</description>
            <styleUrl>#829</styleUrl>
            <Point id="827">
                <coordinates>-104.825348,38.8339578,0.0</coordinates>
            </Point>
        </Placemark>
        <Placemark id="833">
            <name>Lockheed Martin Global Inc. — $11,236,734</name>
            <description>&lt;b&gt;Lockheed Martin Global Inc.&lt;/b&gt;&lt;br/&gt;&lt;b&gt;Amount:&lt;/b&gt; $11,236,734&lt;br/&gt;&lt;b&gt;Contract:&lt;/b&gt; FA2383-23-C-B001&lt;br/&gt;&lt;b&gt;Branch:&lt;/b&gt; AIR FORCE&lt;br/&gt;&lt;b&gt;Completion:&lt;/b&gt; March 30, 2030&lt;br/&gt;&lt;hr/&gt;&lt;small&gt;Lockheed Martin Global Inc., Chantilly, Virginia, has been awarded a maximum $11,236,734 modification (P00012) to a previously awarded contract (FA2383-23-C-B001) for spare radar parts. The modification brings the total cumulative face value of the contract to $64,476,176 from $53,239,442. Work will be performed in Liverpool, New York; and Lithuania, and is expected to be completed by March 30, 2030. This contract involves Foreign Military Sales to the Republic of Lithuania. Fiscal 2025 operatio&lt;/small&gt;</description>
            <styleUrl>#834</styleUrl>
            <Point id="832">
                <coordinates>-76.217705,43.106456,0.0</coordinates>
            </Point>
        </Placemark>
        <Placemark id="838">
            <name>Carver Pump Co. — $10,983,000</name>
            <description>&lt;b&gt;Carver Pump Co.&lt;/b&gt;&lt;br/&gt;&lt;b&gt;Amount:&lt;/b&gt; $10,983,000&lt;br/&gt;&lt;b&gt;Contract:&lt;/b&gt; &lt;br/&gt;&lt;b&gt;Branch:&lt;/b&gt; DEFENSE LOGISTICS AGENCY&lt;br/&gt;&lt;b&gt;Completion:&lt;/b&gt; &lt;br/&gt;&lt;hr/&gt;&lt;small&gt;Carver Pump Co., Muscatine, Iowa, has been awarded a maximum $10,983,000 firm-fixed-price contract for centrifugal pumps. This was a sole-source acquisition using justification 10 U.S. Code 3204 (a)(1), as stated in Federal Acquisition Regulation 6.302-1. This is a one-year contract with no option periods. The delivery order end date is June 12, 2028. Using military service is Navy. Type of appropriation is fiscal 2026 Navy working capital funds. The contracting activity is Defense Logistics Age&lt;/small&gt;</description>
            <styleUrl>#839</styleUrl>
            <Point id="837">
                <coordinates>-91.0436508,41.4246132,0.0</coordinates>
            </Point>
        </Placemark>
        <Placemark id="843">
            <name>General Electric Co. — $10,763,472</name>
            <description>&lt;b&gt;General Electric Co.&lt;/b&gt;&lt;br/&gt;&lt;b&gt;Amount:&lt;/b&gt; $10,763,472&lt;br/&gt;&lt;b&gt;Contract:&lt;/b&gt; &lt;br/&gt;&lt;b&gt;Branch:&lt;/b&gt; DEFENSE LOGISTICS AGENCY&lt;br/&gt;&lt;b&gt;Completion:&lt;/b&gt; &lt;br/&gt;&lt;hr/&gt;&lt;small&gt;General Electric Co., Cincinnati, Ohio, has been awarded a maximum $10,763,472 firm-fixed-price, one-time-buy delivery order (SPRTA1-26-F-0445) issued against a five-year basic ordering agreement (SPEA1-24-G-0014) for F118 vane, fan and aircraft gas turbine engines. This was a sole-source acquisition using justification 10 U.S. Code 3204 (a)(1), as stated in Federal Acquisition Regulation 6.103-1. This is a five-year contract with no option periods. The delivery order end date is Aug. 31, 2031. &lt;/small&gt;</description>
            <styleUrl>#844</styleUrl>
            <Point id="842">
                <coordinates>-84.5127405,39.1012809,0.0</coordinates>
            </Point>
        </Placemark>
        <Placemark id="848">
            <name>General Electric Co. — $10,763,472</name>
            <description>&lt;b&gt;General Electric Co.&lt;/b&gt;&lt;br/&gt;&lt;b&gt;Amount:&lt;/b&gt; $10,763,472&lt;br/&gt;&lt;b&gt;Contract:&lt;/b&gt; &lt;br/&gt;&lt;b&gt;Branch:&lt;/b&gt; DEFENSE LOGISTICS AGENCY&lt;br/&gt;&lt;b&gt;Completion:&lt;/b&gt; &lt;br/&gt;&lt;hr/&gt;&lt;small&gt;General Electric Co., Cincinnati, Ohio, has been awarded a maximum $10,763,472 firm-fixed-price, one-time-buy delivery order (SPRTA1-26-F-0445) issued against a five-year basic ordering agreement (SPEA1-24-G-0014) for F118 vane, fan and aircraft gas turbine engines. This was a sole-source acquisition using justification 10 U.S. Code 3204 (a)(1), as stated in Federal Acquisition Regulation 6.103-1. This is a five-year contract with no option periods. The delivery order end date is Aug. 31, 2031. &lt;/small&gt;</description>
            <styleUrl>#849</styleUrl>
            <Point id="847">
                <coordinates>-84.5127405,39.1012809,0.0</coordinates>
            </Point>
        </Placemark>
        <Placemark id="853">
            <name>The Northrop Grumman Systems Corp. — $10,762,018</name>
            <description>&lt;b&gt;The Northrop Grumman Systems Corp.&lt;/b&gt;&lt;br/&gt;&lt;b&gt;Amount:&lt;/b&gt; $10,762,018&lt;br/&gt;&lt;b&gt;Contract:&lt;/b&gt; &lt;br/&gt;&lt;b&gt;Branch:&lt;/b&gt; DEFENSE LOGISTICS AGENCY&lt;br/&gt;&lt;b&gt;Completion:&lt;/b&gt; &lt;br/&gt;&lt;hr/&gt;&lt;small&gt;The Northrop Grumman Systems Corp., Melbourne, Florida, has been awarded a maximum $10,762,018 firm-fixed-price delivery order (SPRPA1-26-F-D601) issued against a five-year basic ordering agreement (SPRPA1-26-G-D601) for mission control displays. This was a sole-source acquisition using justification 10 U.S. Code 3204 (c)(1), as stated in Federal Acquisition Regulation 6.302-1. This is a three-year contract with no option periods. The delivery order end date is Feb. 9, 2029. Using customers are &lt;/small&gt;</description>
            <styleUrl>#854</styleUrl>
            <Point id="852">
                <coordinates>-80.6077908,28.0785034,0.0</coordinates>
            </Point>
        </Placemark>
        <Placemark id="858">
            <name> — $10,754,610</name>
            <description>&lt;b&gt;&lt;/b&gt;&lt;br/&gt;&lt;b&gt;Amount:&lt;/b&gt; $10,754,610&lt;br/&gt;&lt;b&gt;Contract:&lt;/b&gt; N0001921C0064&lt;br/&gt;&lt;b&gt;Branch:&lt;/b&gt; NAVY&lt;br/&gt;&lt;b&gt;Completion:&lt;/b&gt; November 2028&lt;br/&gt;&lt;hr/&gt;&lt;small&gt;L3 Technologies Inc., L-3 Telemetry &amp;amp; Radio Frequency Products, San Diego, California, is awarded a $10,754,610 modification (P00035) to a previously awarded firm-fixed-price contract (N0001921C0064). This modification exercises an option to procure an additional 176 Modernized Radios, including 38 for the Navy and 138 for Foreign Military Sales (FMS) customers. Work will be performed in San Diego, California, and is expected to be completed in November 2028. Fiscal 2025 weapons procurement (Nav&lt;/small&gt;</description>
            <styleUrl>#859</styleUrl>
            <Point id="857">
                <coordinates>-117.1638284,32.7157062,0.0</coordinates>
            </Point>
        </Placemark>
        <Placemark id="863">
            <name> — $10,754,610</name>
            <description>&lt;b&gt;&lt;/b&gt;&lt;br/&gt;&lt;b&gt;Amount:&lt;/b&gt; $10,754,610&lt;br/&gt;&lt;b&gt;Contract:&lt;/b&gt; N0001921C0064&lt;br/&gt;&lt;b&gt;Branch:&lt;/b&gt; NAVY&lt;br/&gt;&lt;b&gt;Completion:&lt;/b&gt; November 2028&lt;br/&gt;&lt;hr/&gt;&lt;small&gt;L3 Technologies Inc., L-3 Telemetry &amp;amp; Radio Frequency Products, San Diego, California, is awarded a $10,754,610 modification (P00035) to a previously awarded firm-fixed-price contract (N0001921C0064). This modification exercises an option to procure an additional 176 Modernized Radios, including 38 for the Navy and 138 for Foreign Military Sales (FMS) customers. Work will be performed in San Diego, California, and is expected to be completed in November 2028. Fiscal 2025 weapons procurement (Nav&lt;/small&gt;</description>
            <styleUrl>#864</styleUrl>
            <Point id="862">
                <coordinates>-117.1638284,32.7157062,0.0</coordinates>
            </Point>
        </Placemark>
        <Placemark id="868">
            <name>Rockwell Collins Simulation &amp; Training Solutions LLC — $10,721,245</name>
            <description>&lt;b&gt;Rockwell Collins Simulation &amp;amp; Training Solutions LLC&lt;/b&gt;&lt;br/&gt;&lt;b&gt;Amount:&lt;/b&gt; $10,721,245&lt;br/&gt;&lt;b&gt;Contract:&lt;/b&gt; N6134026C1001&lt;br/&gt;&lt;b&gt;Branch:&lt;/b&gt; NAVY&lt;br/&gt;&lt;b&gt;Completion:&lt;/b&gt; November 2027&lt;br/&gt;&lt;hr/&gt;&lt;small&gt;Rockwell Collins Simulation &amp;amp; Training Solutions LLC, Cedar Rapids, Iowa, is awarded a $10,721,245 modification (P00002) to a previously awarded firm-fixed-price contract (N6134026C1001). This modification establishes new contract line items to procure fifteen Special Programs Advanced Readiness Trainers Afloat/Ashore, along with associated technical data, computer software, and computer software documentation, in support of the E-2D Hawkeye Integrated Training Systems V. Work will be performed &lt;/small&gt;</description>
            <styleUrl>#869</styleUrl>
            <Point id="867">
                <coordinates>-77.4033349,39.0017455,0.0</coordinates>
            </Point>
        </Placemark>
        <Placemark id="873">
            <name>IERUS Technologies Inc. — $10,712,914</name>
            <description>&lt;b&gt;IERUS Technologies Inc.&lt;/b&gt;&lt;br/&gt;&lt;b&gt;Amount:&lt;/b&gt; $10,712,914&lt;br/&gt;&lt;b&gt;Contract:&lt;/b&gt; N6833526C1067&lt;br/&gt;&lt;b&gt;Branch:&lt;/b&gt; NAVY&lt;br/&gt;&lt;b&gt;Completion:&lt;/b&gt; January 2027&lt;br/&gt;&lt;hr/&gt;&lt;small&gt;IERUS Technologies Inc.,* Huntsville, Alabama, is awarded a $10,712,914 firm-fixed-price Small Business Innovation Research Phase III contract (N68335-26-C-1067) under Small Business Innovation Research Topic AF141-154, titled “Conformal Conductivity Probe,” for the procurement of 190 electromagnetically hardened Compact Electromagnetic Nondestructive Assessment probes in support of the F-35 Joint Strike Fighter program. This effort transitions the probe systems developed, tested, and validated &lt;/small&gt;</description>
            <styleUrl>#874</styleUrl>
            <Point id="872">
                <coordinates>-97.3327459,32.753177,0.0</coordinates>
            </Point>
        </Placemark>
        <Placemark id="878">
            <name>VetJet Fuels LLC — $10,660,801</name>
            <description>&lt;b&gt;VetJet Fuels LLC&lt;/b&gt;&lt;br/&gt;&lt;b&gt;Amount:&lt;/b&gt; $10,660,801&lt;br/&gt;&lt;b&gt;Contract:&lt;/b&gt; SPE605-26-D-1005&lt;br/&gt;&lt;b&gt;Branch:&lt;/b&gt; DEFENSE LOGISTICS AGENCY&lt;br/&gt;&lt;b&gt;Completion:&lt;/b&gt; &lt;br/&gt;&lt;hr/&gt;&lt;small&gt;VetJet Fuels LLC, Dallas, Texas, has been awarded a minimum $10,660,801 fixed-price with economic-price adjustment contract for FS1 fuel oil burners, DS1 diesel fuel, and MUR automotive gasoline. This was a competitive acquisition with 11 responses received. This is a five-year contract with one six-month option period. Location of performance is Alaska, with a March 31, 2031, performance completion date. Using customers are Army, Air Force and federal civilian agencies. Type of appropriation is&lt;/small&gt;</description>
            <styleUrl>#879</styleUrl>
            <Point id="877">
                <coordinates>-149.680909,64.4459613,0.0</coordinates>
            </Point>
        </Placemark>
        <Placemark id="883">
            <name>VetJet Fuels LLC — $10,660,801</name>
            <description>&lt;b&gt;VetJet Fuels LLC&lt;/b&gt;&lt;br/&gt;&lt;b&gt;Amount:&lt;/b&gt; $10,660,801&lt;br/&gt;&lt;b&gt;Contract:&lt;/b&gt; SPE605-26-D-1005&lt;br/&gt;&lt;b&gt;Branch:&lt;/b&gt; DEFENSE LOGISTICS AGENCY&lt;br/&gt;&lt;b&gt;Completion:&lt;/b&gt; &lt;br/&gt;&lt;hr/&gt;&lt;small&gt;VetJet Fuels LLC, Dallas, Texas, has been awarded a minimum $10,660,801 fixed-price with economic-price adjustment contract for FS1 fuel oil burners, DS1 diesel fuel, and MUR automotive gasoline. This was a competitive acquisition with 11 responses received. This is a five-year contract with one six-month option period. Location of performance is Alaska, with a March 31, 2031, performance completion date. Using customers are Army, Air Force and federal civilian agencies. Type of appropriation is&lt;/small&gt;</description>
            <styleUrl>#884</styleUrl>
            <Point id="882">
                <coordinates>-149.680909,64.4459613,0.0</coordinates>
            </Point>
        </Placemark>
        <Placemark id="888">
            <name>Skyeton Inc. — $10,640,000</name>
            <description>&lt;b&gt;Skyeton Inc.&lt;/b&gt;&lt;br/&gt;&lt;b&gt;Amount:&lt;/b&gt; $10,640,000&lt;br/&gt;&lt;b&gt;Contract:&lt;/b&gt; W58RGZ-26-F-A026&lt;br/&gt;&lt;b&gt;Branch:&lt;/b&gt; ARMY&lt;br/&gt;&lt;b&gt;Completion:&lt;/b&gt; &lt;br/&gt;&lt;hr/&gt;&lt;small&gt;Skyeton Inc., North Las Vegas, Nevada, was awarded a $10,640,000 firm-fixed-price for Raybird UAS hardware and services. Bids were solicited via the internet with one received. Work locations and funding will be determined with each order, with an estimated completion date of Dec. 15, 2026. U.S. Army Contracting Command, Redstone Arsenal, Alabama, is the contracting activity (W58RGZ-26-F-A026).&lt;/small&gt;</description>
            <styleUrl>#889</styleUrl>
            <Point id="887">
                <coordinates>-115.1214745,36.2005191,0.0</coordinates>
            </Point>
        </Placemark>
        <Placemark id="893">
            <name>R4 Integration Inc. — $10,632,000</name>
            <description>&lt;b&gt;R4 Integration Inc.&lt;/b&gt;&lt;br/&gt;&lt;b&gt;Amount:&lt;/b&gt; $10,632,000&lt;br/&gt;&lt;b&gt;Contract:&lt;/b&gt; FA8691-26-C-B019&lt;br/&gt;&lt;b&gt;Branch:&lt;/b&gt; AIR FORCE&lt;br/&gt;&lt;b&gt;Completion:&lt;/b&gt; Feb. 12, 2027&lt;br/&gt;&lt;hr/&gt;&lt;small&gt;R4 Integration Inc., Fort Walton Beach, Florida, has been awarded a $10,632,000 firm-fixed-price contract for aircraft component supplies. This contract provides for the purchase of aircraft communications suite equipment. Work will be performed at Fort Walton Beach, Florida, and is expected to be completed by Feb. 12, 2027. This contract was a sole acquisition. Fiscal 2024 aircraft procurement funds in the amount of $7,500,000; and fiscal 2025 aircraft procurement funds in the amount of $3,132,&lt;/small&gt;</description>
            <styleUrl>#894</styleUrl>
            <Point id="892">
                <coordinates>-86.618842,30.4057552,0.0</coordinates>
            </Point>
        </Placemark>
        <Placemark id="898">
            <name>Marotta Controls Inc. — $9,999,780</name>
            <description>&lt;b&gt;Marotta Controls Inc.&lt;/b&gt;&lt;br/&gt;&lt;b&gt;Amount:&lt;/b&gt; $9,999,780&lt;br/&gt;&lt;b&gt;Contract:&lt;/b&gt; N00104-26-C-FA32&lt;br/&gt;&lt;b&gt;Branch:&lt;/b&gt; NAVY&lt;br/&gt;&lt;b&gt;Completion:&lt;/b&gt; April 2029&lt;br/&gt;&lt;hr/&gt;&lt;small&gt;Marotta Controls Inc.,* Moorestown, New Jersey, is awarded $9,999,780 for a firm-fixed-price contract for the procurement of 20 Manifold valve assemblies for use on Navy Virginia-class submarines. The contract does not contain an option provision. All work under the contract will be performed in Montville, New Jersey, and is expected to be completed by April 2029. Fiscal 2026 working capital funds (Navy) in the contract’s full amount of $9,999,780 will be obligated at time of award and those fun&lt;/small&gt;</description>
            <styleUrl>#899</styleUrl>
            <Point id="897">
                <coordinates>-74.9426677,39.9670569,0.0</coordinates>
            </Point>
        </Placemark>
        <Placemark id="903">
            <name>Bethel Yuut LLC — $9,982,440</name>
            <description>&lt;b&gt;Bethel Yuut LLC&lt;/b&gt;&lt;br/&gt;&lt;b&gt;Amount:&lt;/b&gt; $9,982,440&lt;br/&gt;&lt;b&gt;Contract:&lt;/b&gt; SPE1C1-26-C-0026&lt;br/&gt;&lt;b&gt;Branch:&lt;/b&gt; DEFENSE LOGISTICS AGENCY&lt;br/&gt;&lt;b&gt;Completion:&lt;/b&gt; &lt;br/&gt;&lt;hr/&gt;&lt;small&gt;Bethel Yuut LLC,* Anchorage, Alaska, has been awarded a maximum $9,982,440 firm-fixed-price, fixed-quantity contract for Army Green Service Uniform men’s all-weather coats. This was a competitive acquisition with two responses received. This is an 18-month contract with no option periods. The performance completion date is June 30, 2028. Using military service is Army. Type of appropriation is fiscal 2026 through 2028 defense working capital funds. The contracting activity is Defense Logistics A&lt;/small&gt;</description>
            <styleUrl>#904</styleUrl>
            <Point id="902">
                <coordinates>-149.894852,61.2163129,0.0</coordinates>
            </Point>
        </Placemark>
        <Placemark id="908">
            <name>Curtiss-Wright Electro-Mechanical Corp. (Engineered Pump Division) — $9,870,833</name>
            <description>&lt;b&gt;Curtiss-Wright Electro-Mechanical Corp. (Engineered Pump Division)&lt;/b&gt;&lt;br/&gt;&lt;b&gt;Amount:&lt;/b&gt; $9,870,833&lt;br/&gt;&lt;b&gt;Contract:&lt;/b&gt; N00104-26-C-ZA23&lt;br/&gt;&lt;b&gt;Branch:&lt;/b&gt; NAVY&lt;br/&gt;&lt;b&gt;Completion:&lt;/b&gt; March 2031&lt;br/&gt;&lt;hr/&gt;&lt;small&gt;Curtiss-Wright Electro-Mechanical Corp. (Engineered Pump Division), Bethlehem, Pennsylvania, is being awarded $9,870,833 for a firm-fixed-price contract for the procurement of seven hovering control/recycle pump and motors used on Navy Virginia-class submarines. The contract does not contain an option provision. All work under the contract will be performed in Bethlehem, Pennsylvania, and is expected to be completed by March 2031. Fiscal 2026 working capital funds (Navy) in the contract&amp;#x27;s full a&lt;/small&gt;</description>
            <styleUrl>#909</styleUrl>
            <Point id="907">
                <coordinates>-75.3786521,40.6178915,0.0</coordinates>
            </Point>
        </Placemark>
        <Placemark id="913">
            <name>Rosemount Aerospace — $9,794,010</name>
            <description>&lt;b&gt;Rosemount Aerospace&lt;/b&gt;&lt;br/&gt;&lt;b&gt;Amount:&lt;/b&gt; $9,794,010&lt;br/&gt;&lt;b&gt;Contract:&lt;/b&gt; SPRTA1-26-F-0540&lt;br/&gt;&lt;b&gt;Branch:&lt;/b&gt; DEFENSE LOGISTICS AGENCY&lt;br/&gt;&lt;b&gt;Completion:&lt;/b&gt; &lt;br/&gt;&lt;hr/&gt;&lt;small&gt;Rosemount Aerospace, Burnsville, Minnesota, has been awarded a maximum $9,794,010 firm-fixed-price contract for B-2 pressure transmitter units. This was a sole-source acquisition using justification 10 U.S. Code 3204 (a)(1), as stated in Federal Acquisition Regulation 6.103-1. This is a three-year contract with no option periods. The performance completion date is June 30, 2029. Using military service is Air Force. Type of appropriation is fiscal 2026 operation and maintenance funds. The contrac&lt;/small&gt;</description>
            <styleUrl>#914</styleUrl>
            <Point id="912">
                <coordinates>-93.2773887,44.7670567,0.0</coordinates>
            </Point>
        </Placemark>
        <Placemark id="918">
            <name>Martin Military Inc. — $9,730,075</name>
            <description>&lt;b&gt;Martin Military Inc.&lt;/b&gt;&lt;br/&gt;&lt;b&gt;Amount:&lt;/b&gt; $9,730,075&lt;br/&gt;&lt;b&gt;Contract:&lt;/b&gt; &lt;br/&gt;&lt;b&gt;Branch:&lt;/b&gt; DEFENSE LOGISTICS AGENCY&lt;br/&gt;&lt;b&gt;Completion:&lt;/b&gt; &lt;br/&gt;&lt;hr/&gt;&lt;small&gt;Martin Military Inc.,* Massapequa, New York, has been awarded a maximum $9,730,075 firm-fixed-price, indefinite-quantity contract for pre-corrosion anodes. This was a sole-source acquisition using justification 10 U.S. Code 3204 (a)(1), as stated in the Federal Acquisition Regulation 6.103-1. This is a five-year contract with no option periods. The ordering period end date is Sept. 27, 2031. Type of appropriation is fiscal 2026 through 2031 defense working capital funds. The military service is &lt;/small&gt;</description>
            <styleUrl>#919</styleUrl>
            <Point id="917">
                <coordinates>-73.4696557,40.6761472,0.0</coordinates>
            </Point>
        </Placemark>
        <Placemark id="923">
            <name>Technologies LLC — $9,636,523</name>
            <description>&lt;b&gt;Technologies LLC&lt;/b&gt;&lt;br/&gt;&lt;b&gt;Amount:&lt;/b&gt; $9,636,523&lt;br/&gt;&lt;b&gt;Contract:&lt;/b&gt; N6833526F1190&lt;br/&gt;&lt;b&gt;Branch:&lt;/b&gt; NAVY&lt;br/&gt;&lt;b&gt;Completion:&lt;/b&gt; March 2028&lt;br/&gt;&lt;hr/&gt;&lt;small&gt;Technologies LLC*, Fort Lee, New Jersey, is awarded a $9,636,523 firm-fixed-price order (N6833526F1190) against a previously issued basic ordering agreement (N6833525G0003) under Small Business Innovation Research Phase III Topic N181-088, titled “High Dynamic Range Multi-Carrier Amplifier (HDR MCA).” This order provides for the further maturation and production of the High Frequency Over-the-Horizon Communication (HFORCE) system, integration with HDR MCA, performance verification, production, m&lt;/small&gt;</description>
            <styleUrl>#924</styleUrl>
            <Point id="922">
                <coordinates>-73.9701382,40.8509333,0.0</coordinates>
            </Point>
        </Placemark>
        <Placemark id="928">
            <name>Advanced Acoustic Concepts LLC — $9,481,422</name>
            <description>&lt;b&gt;Advanced Acoustic Concepts LLC&lt;/b&gt;&lt;br/&gt;&lt;b&gt;Amount:&lt;/b&gt; $9,481,422&lt;br/&gt;&lt;b&gt;Contract:&lt;/b&gt; N00024-24-C-6311&lt;br/&gt;&lt;b&gt;Branch:&lt;/b&gt; NAVY&lt;br/&gt;&lt;b&gt;Completion:&lt;/b&gt; September 2027&lt;br/&gt;&lt;hr/&gt;&lt;small&gt;Advanced Acoustic Concepts LLC, Great River, New York, is awarded a $9,481,422 firm-fixed-price, cost-plus-fixed-fee, and cost modification to previously awarded contract (N00024-24-C-6311) for the Littoral Combat Ship mission package computers, software and trainer. Work will be performed in Great River, New York (50%), Lemont Furnace, Pennsylvania (35%), and Washington, D.C. (15%) and is expected to be completed by September 2027. Fiscal 2026 other procurement (Navy) funds in the amount of $1,&lt;/small&gt;</description>
            <styleUrl>#929</styleUrl>
            <Point id="927">
                <coordinates>-73.1576139,40.7212097,0.0</coordinates>
            </Point>
        </Placemark>
        <Placemark id="933">
            <name>Raytheon Missiles and Defense — $9,326,000</name>
            <description>&lt;b&gt;Raytheon Missiles and Defense&lt;/b&gt;&lt;br/&gt;&lt;b&gt;Amount:&lt;/b&gt; $9,326,000&lt;br/&gt;&lt;b&gt;Contract:&lt;/b&gt; N00024-22-C-5522&lt;br/&gt;&lt;b&gt;Branch:&lt;/b&gt; NAVY&lt;br/&gt;&lt;b&gt;Completion:&lt;/b&gt; April 2028&lt;br/&gt;&lt;hr/&gt;&lt;small&gt;Raytheon Missiles and Defense, Tewksbury, Massachusetts, is awarded a $9,326,000 firm-fixed-price modification to previously awarded contract N00024-22-C-5522 to procure spares and software licenses in support of Combat System installation, integration, development, testing, correction, maintenance, and modernization of Zumwalt-class mission systems and mission system equipment. Work will be performed in Merrimack, New Hampshire (70%), Portsmouth, Rhode Island (10%); Tewksbury, Massachusetts (10&lt;/small&gt;</description>
            <styleUrl>#934</styleUrl>
            <Point id="932">
                <coordinates>-71.4936642,42.8665376,0.0</coordinates>
            </Point>
        </Placemark>
        <Placemark id="938">
            <name>Raytheon Missiles and Defense — $9,326,000</name>
            <description>&lt;b&gt;Raytheon Missiles and Defense&lt;/b&gt;&lt;br/&gt;&lt;b&gt;Amount:&lt;/b&gt; $9,326,000&lt;br/&gt;&lt;b&gt;Contract:&lt;/b&gt; N00024-22-C-5522&lt;br/&gt;&lt;b&gt;Branch:&lt;/b&gt; NAVY&lt;br/&gt;&lt;b&gt;Completion:&lt;/b&gt; April 2028&lt;br/&gt;&lt;hr/&gt;&lt;small&gt;Raytheon Missiles and Defense, Tewksbury, Massachusetts, is awarded a $9,326,000 firm-fixed-price modification to previously awarded contract N00024-22-C-5522 to procure spares and software licenses in support of Combat System installation, integration, development, testing, correction, maintenance, and modernization of Zumwalt-class mission systems and mission system equipment. Work will be performed in Merrimack, New Hampshire (70%), Portsmouth, Rhode Island (10%); Tewksbury, Massachusetts (10&lt;/small&gt;</description>
            <styleUrl>#939</styleUrl>
            <Point id="937">
                <coordinates>-71.4936642,42.8665376,0.0</coordinates>
            </Point>
        </Placemark>
        <Placemark id="943">
            <name>Raytheon Co. — $9,200,000</name>
            <description>&lt;b&gt;Raytheon Co.&lt;/b&gt;&lt;br/&gt;&lt;b&gt;Amount:&lt;/b&gt; $9,200,000&lt;br/&gt;&lt;b&gt;Contract:&lt;/b&gt; N00253-24-C-0001&lt;br/&gt;&lt;b&gt;Branch:&lt;/b&gt; NAVY&lt;br/&gt;&lt;b&gt;Completion:&lt;/b&gt; January 2029&lt;br/&gt;&lt;hr/&gt;&lt;small&gt;Raytheon Co., Portsmouth, Rhode Island, is awarded a $9,200,000 firm-fixed-price modification to a previously awarded contract (N00253-24-C-0001) for a provisioned item order including spare parts and production support material related to the MK 54 Lightweight Torpedo. Work will be performed in Portsmouth, Rhode Island, and is expected to be completed by January 2029. Fiscal 2025 weapons procurement (Navy) funds in the amount of $9,200,000 will be obligated at time of award and will not expire &lt;/small&gt;</description>
            <styleUrl>#944</styleUrl>
            <Point id="942">
                <coordinates>-71.2503157,41.6024068,0.0</coordinates>
            </Point>
        </Placemark>
        <Placemark id="948">
            <name>Intellisense Systems Inc. — $9,199,649</name>
            <description>&lt;b&gt;Intellisense Systems Inc.&lt;/b&gt;&lt;br/&gt;&lt;b&gt;Amount:&lt;/b&gt; $9,199,649&lt;br/&gt;&lt;b&gt;Contract:&lt;/b&gt; SPRTA1-26-C-0159&lt;br/&gt;&lt;b&gt;Branch:&lt;/b&gt; DEFENSE LOGISTICS AGENCY&lt;br/&gt;&lt;b&gt;Completion:&lt;/b&gt; &lt;br/&gt;&lt;hr/&gt;&lt;small&gt;Intellisense Systems Inc.,* Torrance, California, has been awarded a maximum $9,199,649 firm-fixed-price contract for B-2 fire control systems. This was a sole-source acquisition using justification 10 U.S. Code 3204 (a)(1), as stated in Federal Acquisition Regulation 6.302-1. This is a two-year contract with no option periods. The performance completion date is July 15, 2028. Using military service is Air Force. Type of appropriation is fiscal 2026 Air Force operation and maintenance funds. The&lt;/small&gt;</description>
            <styleUrl>#949</styleUrl>
            <Point id="947">
                <coordinates>-118.3413606,33.8371392,0.0</coordinates>
            </Point>
        </Placemark>
        <Placemark id="953">
            <name>General Electric Co. — $9,155,644</name>
            <description>&lt;b&gt;General Electric Co.&lt;/b&gt;&lt;br/&gt;&lt;b&gt;Amount:&lt;/b&gt; $9,155,644&lt;br/&gt;&lt;b&gt;Contract:&lt;/b&gt; &lt;br/&gt;&lt;b&gt;Branch:&lt;/b&gt; DEFENSE LOGISTICS AGENCY&lt;br/&gt;&lt;b&gt;Completion:&lt;/b&gt; &lt;br/&gt;&lt;hr/&gt;&lt;small&gt;General Electric Co., Cincinnati, Ohio, has been awarded a maximum $9,155,644 firm-fixed-price, one-time-buy delivery order (SPRTA1-26-F-0543) issued against a five-year basic ordering agreement (SPEA1-24-G-0014) for F110aircraft turbine nozzles. This was a sole-source acquisition using justification 10 U.S. Code 3204 (a)(1), as stated in Federal Acquisition Regulation 6.103-1. This is a five-year contract with no option periods. The delivery order end date is Oct. 31, 2029. Using military servi&lt;/small&gt;</description>
            <styleUrl>#954</styleUrl>
            <Point id="952">
                <coordinates>-84.5127405,39.1012809,0.0</coordinates>
            </Point>
        </Placemark>
        <Placemark id="958">
            <name>Urschel Tool Co. — $9,000,000</name>
            <description>&lt;b&gt;Urschel Tool Co.&lt;/b&gt;&lt;br/&gt;&lt;b&gt;Amount:&lt;/b&gt; $9,000,000&lt;br/&gt;&lt;b&gt;Contract:&lt;/b&gt; SPE1C1-26-D-0086&lt;br/&gt;&lt;b&gt;Branch:&lt;/b&gt; DEFENSE LOGISTICS AGENCY&lt;br/&gt;&lt;b&gt;Completion:&lt;/b&gt; &lt;br/&gt;&lt;hr/&gt;&lt;small&gt;Urschel Tool Co.,* Cranston, Rhode Island, has been awarded a maximum $9,000,000 firm-fixed price, indefinite-delivery/indefinite-quantity contract for gold-finished end strap buckles and clips. This was a competitive acquisition with two responses received. This is a five-year contract with no option periods. The ordering period end date is Sept. 16, 2031. Using military service is Marine Corps. Type of appropriation is fiscal 2026 through 2031 defense working capital funds. The contracting act&lt;/small&gt;</description>
            <styleUrl>#959</styleUrl>
            <Point id="957">
                <coordinates>-71.4366813,41.779588,0.0</coordinates>
            </Point>
        </Placemark>
    </Document>
</kml>
